student_id,school_id,grade_level,subject,assessment_date,score,pass_fail
STU0115,SCH01,8,Science,2026-01-14,68.3,Pass
STU0559,SCH02,7,Writing,2025-11-07,76.2,Pass
STU0031,SCH02,4,Reading,2025-05-13,64.5,
STU0559,SCH07,4,Writing,2025-08-14,67.9,Fail
STU0007,SCH03,8,Writing,2026-01-06,63.3,Fail
STU0105,SCH02,6,Math,2026-01-04,75.4,Fail
STU0353,SCH05,3,Writing,2025-10-06,,Fail
STU0081,SCH05,8,Science,2025-08-05,58.9,Pass
STU0072,SCH01,8,Reading,2025-09-27,74.3,Pass
STU0104,SCH07,5,Writing,2025-08-19,24.9,Fail
STU0167,SCH06,5,Reading,2025-10-19,,Pass
STU0176,SCH04,4,Writing,2025-06-21,47.5,Fail
STU0277,SCH04,8,Science,2025-07-07,82.3,Pass
STU0033,SCH06,6,Science,2025-05-31,46.3,
STU0217,SCH06,4,Writing,2025-08-30,41.6,Fail
STU0147,SCH05,4,Reading,2026-02-23,88.3,
STU0599,SCH07,7,Writing,2026-02-20,34.6,Pass
STU0522,SCH08,3,Math,2025-10-30,107.4,Pass
STU0157,SCH03,8,Writing,2025-10-21,55.8,Fail
STU0542,SCH05,7,Math,2025-09-28,59.6,Pass
STU0550,SCH05,8,Science,2025-10-01,80.2,
STU0004,SCH05,7,Reading,2026-04-01,78.3,Pass
STU0306,SCH04,4,Science,2026-01-09,69.5,Pass
STU0332,SCH08,3,Math,2025-12-19,49.4,Fail
STU0315,SCH04,3,Reading,2026-04-03,94.2,Pass
STU0498,SCH02,7,Reading,2025-12-14,42.8,Pass
STU0487,SCH03,5,Writing,2025-09-18,101.6,Pass
STU0320,SCH07,8,Science,2025-08-17,60.3,Fail
STU0530,SCH08,3,Reading,2025-07-31,70.2,Pass
STU0226,SCH01,3,Math,2025-09-06,,Pass
STU0070,SCH01,5,Math,2025-09-27,55.9,Fail
STU0220,SCH03,8,Writing,2025-08-06,66.9,Pass
STU0485,SCH07,4,Math,2025-09-11,,Fail
STU0421,SCH08,8,Math,2025-04-10,77.1,Pass
STU0063,SCH07,8,Science,2025-06-12,70.3,Pass
STU0195,SCH08,4,Writing,2026-01-01,61.1,Pass
STU0286,SCH08,4,Math,2025-07-16,40.1,Pass
STU0052,SCH01,3,Reading,2026-03-18,78.4,Pass
STU0417,SCH08,6,Reading,2025-10-01,89.3,Pass
STU0389,SCH01,6,Science,2026-01-24,43.7,Fail
STU0293,SCH07,8,Writing,2025-10-05,75.1,Pass
STU0594,SCH01,8,Science,2025-08-14,78.4,Pass
STU0052,SCH08,7,Reading,2025-12-01,,Pass
STU0071,SCH02,8,Reading,2025-08-17,74.2,Fail
STU0123,SCH04,7,Math,2025-06-18,56.6,Fail
STU0268,SCH04,8,Science,2025-06-19,57.3,Pass
STU0272,SCH07,4,Science,2025-07-28,34.7,Pass
STU0010,SCH08,7,Math,2026-03-12,77.2,Pass
STU0551,SCH04,7,Science,2026-02-07,77.4,
STU0251,SCH06,5,Reading,2026-01-04,78.3,Fail
STU0557,SCH05,7,Math,2025-12-16,58.6,Pass
STU0138,SCH05,3,Math,2025-07-23,51.4,Pass
STU0279,SCH05,7,Reading,2025-09-02,66.0,Fail
STU0518,SCH08,5,Math,2025-08-24,58.1,Pass
STU0434,SCH05,3,Math,2025-04-26,64.0,Fail
STU0166,SCH08,7,Writing,2025-09-30,74.9,Pass
STU0115,SCH02,8,Reading,2025-12-31,40.7,Pass
STU0441,SCH03,3,Science,2025-12-12,60.0,Fail
STU0041,SCH06,4,Reading,2026-02-26,,Fail
STU0159,SCH04,4,Reading,2025-07-14,55.9,Fail
STU0026,SCH03,8,Science,2025-07-12,71.1,Pass
STU0274,SCH03,8,Math,2026-02-23,52.9,Fail
STU0040,SCH08,4,Reading,2025-06-08,74.8,Fail
STU0234,SCH04,3,Reading,2025-05-21,52.8,Fail
STU0337,SCH05,3,Science,2025-07-02,57.4,Fail
STU0029,SCH02,5,Reading,2025-07-19,82.4,Fail
STU0040,SCH02,7,Writing,2025-08-26,53.1,Fail
STU0524,SCH02,6,Reading,2026-02-12,89.7,Fail
STU0046,SCH07,3,Reading,2026-03-21,,Fail
STU0322,SCH02,8,Science,2026-04-07,72.3,Fail
STU0419,SCH06,6,Science,2026-01-13,58.8,Fail
STU0179,SCH05,6,Math,2026-03-01,64.7,Fail
STU0294,SCH04,6,Science,2025-07-30,,Pass
STU0524,SCH08,8,Reading,2025-09-14,71.5,Pass
STU0291,SCH06,3,Reading,2025-05-09,63.0,Pass
STU0151,SCH01,3,Reading,2025-06-26,58.5,Fail
STU0075,SCH08,6,Reading,2025-09-03,65.1,
STU0250,SCH03,8,Math,2025-05-08,,Pass
STU0436,SCH04,4,Writing,2026-01-24,78.8,Pass
STU0468,SCH03,6,Science,2026-03-17,71.5,Fail
STU0517,SCH07,7,Writing,2025-10-12,87.8,Fail
STU0461,SCH05,4,Science,2025-06-06,53.1,Fail
STU0245,SCH05,6,Math,2025-04-25,65.5,Fail
STU0328,SCH02,4,Reading,2026-02-28,,Pass
STU0393,SCH03,8,Reading,2026-02-18,82.1,Fail
STU0426,SCH01,4,Writing,2025-09-01,74.0,Fail
STU0599,SCH01,7,Writing,2025-09-15,32.5,Fail
STU0400,SCH07,7,Reading,2025-09-12,73.2,Fail
STU0225,SCH05,6,Writing,2025-08-06,81.4,Fail
STU0170,SCH08,4,Math,2025-12-10,70.5,Fail
STU0578,SCH01,3,Writing,2026-01-03,79.0,Pass
STU0267,SCH07,5,Reading,2025-11-12,80.6,Fail
STU0335,SCH06,6,Science,2025-08-09,68.4,Fail
STU0084,SCH08,3,Math,2026-03-10,39.7,Fail
STU0230,SCH02,8,Math,2025-04-13,69.0,Pass
STU0021,SCH03,4,Reading,2025-11-11,31.3,Fail
STU0118,SCH04,6,Science,2025-04-12,69.0,Pass
STU0168,SCH05,3,Math,2025-04-08,59.0,
STU0590,SCH07,6,Reading,2025-09-17,,Pass
STU0105,SCH05,8,Math,2025-11-04,78.6,Pass
STU0356,SCH07,8,Science,2025-06-30,,Pass
STU0431,SCH08,3,Writing,2026-02-12,77.1,Fail
STU0471,SCH03,6,Reading,2026-03-02,64.0,Fail
STU0552,SCH08,6,Writing,2026-03-07,29.3,Fail
STU0331,SCH04,3,Science,2025-04-26,76.3,
STU0584,SCH07,5,Math,2025-08-06,60.4,Fail
STU0333,SCH03,6,Reading,2025-06-24,60.9,
STU0283,SCH01,7,Reading,2026-02-12,77.2,Pass
STU0248,SCH07,6,Reading,2025-04-07,60.1,Fail
STU0459,SCH01,3,Science,2025-05-28,,Pass
STU0415,SCH04,5,Science,2025-12-31,49.8,Fail
STU0564,SCH06,5,Writing,2025-07-24,71.1,Fail
STU0314,SCH05,4,Math,2025-07-23,65.7,Pass
STU0197,SCH04,8,Writing,2026-02-04,55.2,Fail
STU0538,SCH05,3,Reading,2026-01-06,63.9,Fail
STU0015,SCH03,5,Math,2025-09-29,81.6,Pass
STU0567,SCH05,8,Reading,2025-06-09,51.8,Pass
STU0013,SCH05,6,Writing,2025-12-21,48.9,Fail
STU0349,SCH03,3,Science,2026-01-23,83.9,Pass
STU0411,SCH08,3,Math,2025-12-02,61.8,Pass
STU0153,SCH05,3,Reading,2025-07-23,86.8,Pass
STU0536,SCH07,6,Writing,2025-10-05,85.3,
STU0440,SCH05,7,Math,2025-11-17,49.0,Pass
STU0217,SCH05,8,Math,2025-09-14,52.3,Pass
STU0246,SCH03,7,Math,2026-01-06,76.5,Fail
STU0299,SCH01,4,Science,2025-11-09,80.8,Fail
STU0465,SCH02,8,Reading,2025-04-10,91.5,Pass
STU0436,SCH02,7,Reading,2026-02-13,55.8,Pass
STU0273,SCH03,3,Math,2025-05-17,,Fail
STU0450,SCH02,6,Science,2025-06-23,79.1,Fail
STU0279,SCH08,6,Math,2025-06-02,42.3,Fail
STU0257,SCH01,3,Reading,2025-07-09,49.8,Pass
STU0276,SCH01,4,Writing,2025-07-27,51.9,Fail
STU0186,SCH07,8,Writing,2025-12-09,66.1,Pass
STU0482,SCH06,6,Science,2026-01-18,65.0,Pass
STU0338,SCH07,8,Writing,2026-03-31,74.4,Fail
STU0411,SCH01,6,Math,2025-11-06,62.8,Fail
STU0527,SCH01,8,Writing,2025-08-14,80.2,Fail
STU0056,SCH04,7,Science,2025-09-03,55.4,Fail
STU0053,SCH04,5,Reading,2025-12-20,55.7,Fail
STU0449,SCH08,3,Math,2026-01-19,88.3,Pass
STU0163,SCH05,7,Math,2025-05-06,64.5,Fail
STU0096,SCH04,3,Writing,2025-09-04,88.5,Pass
STU0511,SCH05,7,Science,2025-10-13,60.9,Fail
STU0495,SCH08,4,Writing,2025-07-10,54.0,Pass
STU0072,SCH05,6,Science,2025-04-27,,Fail
STU0003,SCH05,8,Science,2025-05-23,78.3,Fail
STU0153,SCH08,7,Writing,2026-03-06,51.2,Fail
STU0341,SCH07,6,Science,2025-11-20,,Pass
STU0586,SCH07,4,Writing,2025-08-25,37.2,Pass
STU0326,SCH08,8,Writing,2026-03-05,51.3,
STU0508,SCH01,4,Science,2026-03-30,82.5,Pass
STU0451,SCH02,7,Writing,2025-08-17,76.3,Pass
STU0077,SCH08,5,Science,2025-12-27,68.8,Fail
STU0083,SCH06,8,Writing,2025-05-14,88.2,Fail
STU0555,SCH01,7,Math,2025-10-21,62.0,Pass
STU0295,SCH04,8,Math,2026-01-20,61.8,Pass
STU0455,SCH03,8,Science,2025-12-01,70.8,Pass
STU0048,SCH06,3,Science,2025-08-11,58.0,Pass
STU0544,SCH07,7,Reading,2025-04-19,80.4,Pass
STU0180,SCH02,7,Writing,2025-09-19,59.9,Pass
STU0238,SCH08,8,Science,2025-07-22,60.4,Fail
STU0262,SCH01,6,Science,2025-11-28,64.1,Fail
STU0354,SCH05,8,Writing,2026-02-01,60.1,Fail
STU0468,SCH05,4,Writing,2025-05-03,72.3,Fail
STU0586,SCH06,7,Science,2025-04-20,62.3,Fail
STU0023,SCH07,5,Math,2025-06-12,47.1,Pass
STU0509,SCH05,4,Science,2025-07-10,58.8,Pass
STU0195,SCH05,8,Reading,2026-02-13,,Pass
STU0317,SCH08,3,Science,2026-02-13,44.6,Pass
STU0093,SCH05,5,Writing,2025-10-25,71.6,Fail
STU0544,SCH05,4,Science,2025-10-07,,Fail
STU0303,SCH06,3,Writing,2025-10-29,76.0,Pass
STU0407,SCH06,3,Writing,2026-01-13,66.1,Pass
STU0271,SCH02,6,Science,2025-09-13,57.6,Fail
STU0381,SCH02,8,Reading,2025-08-09,48.2,Fail
STU0026,SCH06,7,Reading,2025-07-25,55.2,Fail
STU0310,SCH07,3,Reading,2025-09-24,50.9,Pass
STU0039,SCH05,6,Math,2025-08-14,93.7,Pass
STU0398,SCH08,5,Writing,2026-03-23,86.0,Pass
STU0425,SCH02,6,Writing,2026-03-13,79.3,Fail
STU0223,SCH08,6,Reading,2026-02-25,63.5,Fail
STU0102,SCH06,7,Science,2026-02-08,79.2,Pass
STU0466,SCH02,8,Reading,2025-11-12,72.5,Pass
STU0052,SCH06,4,Reading,2026-03-25,70.3,Pass
STU0222,SCH04,5,Reading,2025-08-13,58.1,Pass
STU0284,SCH03,4,Science,2025-08-12,70.2,Pass
STU0135,SCH01,5,Reading,2026-03-18,61.1,Fail
STU0017,SCH03,5,Math,2025-12-21,79.0,Pass
STU0066,SCH08,6,Science,2025-05-19,79.2,Pass
STU0463,SCH04,7,Math,2025-10-15,63.3,Fail
STU0470,SCH01,3,Writing,2025-06-28,35.5,Fail
STU0437,SCH02,6,Writing,2026-03-08,73.5,Pass
STU0068,SCH03,5,Science,2025-08-05,70.7,Fail
STU0544,SCH05,6,Writing,2025-05-29,86.9,Pass
STU0441,SCH08,4,Writing,2025-10-08,81.6,
STU0465,SCH07,6,Math,2025-11-15,63.0,
STU0384,SCH03,8,Writing,2025-08-13,80.0,Pass
STU0094,SCH02,3,Writing,2026-01-07,88.2,Pass
STU0570,SCH01,7,Science,2025-09-20,82.0,Pass
STU0421,SCH06,8,Writing,2025-11-30,84.2,Fail
STU0320,SCH06,3,Reading,2026-02-08,50.3,Pass
STU0494,SCH04,3,Science,2025-06-12,76.1,Fail
STU0588,SCH04,6,Math,2026-01-19,56.1,Fail
STU0030,SCH03,5,Science,2026-02-06,80.3,Pass
STU0147,SCH07,3,Reading,2025-12-31,,Pass
STU0094,SCH04,6,Writing,2026-03-06,59.6,Fail
STU0333,SCH02,3,Reading,2026-03-25,70.5,Pass
STU0051,SCH02,5,Writing,2025-07-05,,Fail
STU0425,SCH05,4,Math,2025-12-19,53.3,Fail
STU0441,SCH02,5,Writing,2026-03-27,55.3,Pass
STU0405,SCH01,3,Reading,2025-11-14,65.8,
STU0217,SCH03,5,Science,2026-04-01,67.1,Fail
STU0180,SCH03,6,Reading,2025-12-20,69.6,Fail
STU0074,SCH07,8,Math,2026-02-18,52.7,
STU0321,SCH07,7,Writing,2025-12-07,74.5,Fail
STU0297,SCH02,6,Math,2025-05-20,77.0,
STU0371,SCH02,6,Math,2025-05-08,66.1,Pass
STU0447,SCH07,7,Math,2025-10-13,57.7,Fail
STU0227,SCH06,4,Math,2025-12-20,75.9,Pass
STU0544,SCH04,5,Science,2025-11-22,64.1,Pass
STU0242,SCH02,4,Science,2026-02-07,40.5,Pass
STU0178,SCH03,8,Math,2025-05-24,79.4,Fail
STU0476,SCH08,8,Science,2025-07-10,91.2,Fail
STU0155,SCH08,3,Writing,2025-04-21,56.1,Fail
STU0058,SCH06,7,Math,2025-08-28,72.5,
STU0473,SCH08,3,Math,2026-03-01,59.6,Pass
STU0520,SCH07,6,Math,2026-01-22,77.1,Fail
STU0586,SCH04,5,Writing,2025-05-04,30.3,Fail
STU0106,SCH06,8,Math,2025-05-28,67.7,Pass
STU0041,SCH04,8,Writing,2026-04-01,86.2,Pass
STU0373,SCH06,5,Writing,2025-11-14,67.0,Fail
STU0347,SCH01,8,Science,2025-11-04,74.1,Fail
STU0291,SCH05,8,Reading,2025-12-02,70.7,Fail
STU0084,SCH03,5,Science,2025-10-27,90.8,Fail
STU0133,SCH02,5,Writing,2025-05-17,63.3,Fail
STU0131,SCH02,8,Writing,2025-11-13,65.1,Fail
STU0185,SCH04,5,Writing,2026-02-10,,Pass
STU0232,SCH03,4,Math,2025-11-10,60.5,Pass
STU0345,SCH03,7,Writing,2025-07-08,93.3,Pass
STU0167,SCH03,8,Reading,2026-03-22,67.2,Fail
STU0244,SCH08,7,Science,2026-01-19,63.6,Fail
STU0240,SCH04,5,Writing,2025-10-07,76.1,Fail
STU0473,SCH05,6,Writing,2026-02-03,62.4,
STU0205,SCH03,5,Math,2026-02-02,,Pass
STU0529,SCH02,5,Math,2026-02-09,44.3,Pass
STU0280,SCH08,7,Reading,2025-07-20,71.2,
STU0462,SCH06,3,Writing,2025-12-10,62.3,Pass
STU0406,SCH06,4,Writing,2025-12-05,82.5,Pass
STU0327,SCH02,8,Science,2026-01-31,67.5,Pass
STU0141,SCH01,5,Writing,2025-07-19,65.3,Fail
STU0460,SCH01,3,Math,2025-04-25,60.3,Fail
STU0221,SCH03,7,Writing,2025-12-08,77.5,
STU0125,SCH01,4,Writing,2025-04-27,76.0,Fail
STU0065,SCH02,6,Math,2025-09-30,54.7,Pass
STU0299,SCH07,3,Science,2026-01-25,53.5,Pass
STU0585,SCH07,4,Math,2026-01-30,54.0,Pass
STU0400,SCH08,3,Writing,2026-01-06,65.9,Fail
STU0260,SCH01,5,Math,2025-07-24,54.3,Pass
STU0596,SCH06,4,Math,2026-01-13,88.2,Fail
STU0560,SCH06,8,Reading,2025-04-25,79.0,Fail
STU0187,SCH03,3,Writing,2025-10-05,48.1,Pass
STU0301,SCH04,3,Reading,2025-06-13,77.8,Fail
STU0528,SCH07,7,Writing,2025-12-06,59.4,Fail
STU0038,SCH04,5,Science,2025-08-28,71.0,Fail
STU0280,SCH02,5,Writing,2025-09-11,64.4,Fail
STU0451,SCH07,5,Reading,2025-06-10,50.4,Fail
STU0085,SCH07,3,Writing,2026-04-04,68.4,Pass
STU0559,SCH05,5,Math,2025-07-06,87.3,Fail
STU0457,SCH07,4,Writing,2025-11-12,78.6,Fail
STU0458,SCH01,8,Science,2025-11-10,56.0,Pass
STU0077,SCH07,5,Reading,2025-08-09,57.4,Pass
STU0147,SCH08,3,Reading,2025-11-06,91.8,Fail
STU0371,SCH07,7,Math,2025-10-09,78.7,Pass
STU0461,SCH06,5,Writing,2026-02-27,69.6,Fail
STU0408,SCH06,8,Science,2025-05-25,48.5,Pass
STU0117,SCH01,8,Reading,2026-03-24,53.2,Pass
STU0269,SCH05,8,Writing,2025-12-01,68.1,Pass
STU0293,SCH08,4,Math,2025-04-23,71.9,Pass
STU0456,SCH02,8,Science,2025-04-28,72.4,Fail
STU0067,SCH05,5,Reading,2026-03-03,59.8,
STU0371,SCH04,3,Reading,2025-08-04,34.6,Pass
STU0243,SCH08,3,Science,2025-04-18,54.4,Pass
STU0089,SCH02,5,Writing,2025-12-21,63.2,Fail
STU0539,SCH07,6,Math,2025-06-22,77.2,Pass
STU0461,SCH08,8,Science,2025-10-04,,Pass
STU0565,SCH03,4,Writing,2025-06-26,37.8,Pass
STU0531,SCH03,5,Reading,2026-01-30,67.5,Pass
STU0331,SCH04,5,Science,2025-06-21,74.5,
STU0129,SCH05,7,Math,2025-09-01,58.6,Pass
STU0595,SCH03,4,Science,2025-06-15,,Pass
STU0084,SCH01,8,Science,2025-08-08,,Pass
STU0586,SCH07,7,Math,2025-11-28,46.9,Fail
STU0310,SCH08,4,Writing,2025-09-10,68.3,Fail
STU0465,SCH02,8,Math,2025-12-25,76.5,
STU0209,SCH06,7,Reading,2025-11-30,81.0,Fail
STU0327,SCH06,6,Reading,2025-04-26,69.2,Pass
STU0327,SCH04,6,Math,2025-08-02,50.0,
STU0461,SCH04,4,Math,2025-10-23,102.4,
STU0255,SCH03,5,Science,2026-03-29,79.3,
STU0164,SCH08,7,Writing,2025-05-06,,Pass
STU0093,SCH07,7,Writing,2025-10-27,68.1,Pass
STU0221,SCH06,3,Math,2025-06-23,64.0,Fail
STU0293,SCH01,3,Writing,2025-10-13,87.8,Pass
STU0271,SCH06,6,Science,2026-03-06,72.7,Pass
STU0372,SCH05,3,Writing,2026-03-06,69.4,Fail
STU0564,SCH05,7,Math,2025-12-23,72.7,Fail
STU0348,SCH06,4,Reading,2025-10-28,72.9,Fail
STU0513,SCH01,3,Math,2025-11-23,76.8,Fail
STU0532,SCH08,4,Reading,2025-04-17,78.2,Fail
STU0327,SCH03,6,Science,2025-11-24,53.2,Fail
STU0577,SCH05,6,Math,2025-12-14,,Fail
STU0340,SCH02,6,Science,2025-04-10,,Pass
STU0486,SCH05,8,Reading,2025-08-09,44.9,
STU0598,SCH08,4,Writing,2025-12-26,81.6,Pass
STU0587,SCH02,4,Math,2026-01-17,86.1,Fail
STU0322,SCH07,4,Writing,2025-10-22,62.4,Fail
STU0064,SCH03,7,Reading,2026-02-26,53.6,Fail
STU0490,SCH07,5,Reading,2025-05-14,50.1,Fail
STU0271,SCH08,4,Reading,2026-01-15,72.6,Fail
STU0572,SCH05,4,Science,2026-02-11,71.1,Fail
STU0325,SCH08,5,Science,2025-10-25,44.8,Fail
STU0125,SCH07,6,Science,2025-09-10,94.0,Fail
STU0044,SCH05,8,Math,2025-09-30,60.4,Fail
STU0453,SCH05,8,Writing,2026-02-25,74.3,Fail
STU0576,SCH05,4,Math,2026-02-17,95.4,Pass
STU0249,SCH01,8,Reading,2025-11-09,64.8,
STU0339,SCH08,3,Reading,2025-07-24,64.2,Pass
STU0564,SCH03,6,Writing,2025-06-20,58.1,Fail
STU0329,SCH05,8,Math,2025-11-16,69.4,Pass
STU0588,SCH04,7,Math,2026-02-07,76.0,Pass
STU0038,SCH07,6,Reading,2025-06-07,63.2,Fail
STU0039,SCH01,5,Math,2025-06-03,,Fail
STU0557,SCH08,4,Writing,2025-09-29,62.1,Fail
STU0198,SCH02,5,Reading,2025-04-16,,Pass
STU0015,SCH06,5,Reading,2025-09-28,,Pass
STU0416,SCH07,7,Science,2025-07-22,87.1,Pass
STU0144,SCH08,5,Reading,2025-11-24,79.6,Pass
STU0268,SCH07,4,Writing,2025-10-21,68.9,Fail
STU0597,SCH01,5,Science,2025-08-16,30.8,Pass
STU0064,SCH02,6,Science,2025-04-25,80.3,Fail
STU0121,SCH05,5,Reading,2025-11-28,87.3,Pass
STU0137,SCH08,4,Writing,2025-12-30,67.7,Fail
STU0563,SCH08,7,Reading,2026-03-26,47.5,Pass
STU0084,SCH08,7,Science,2026-01-12,85.1,Pass
STU0561,SCH04,7,Reading,2025-07-26,77.1,Pass
STU0336,SCH08,3,Reading,2025-05-11,64.4,Fail
STU0057,SCH08,4,Writing,2025-07-28,,Fail
STU0578,SCH01,7,Writing,2025-06-12,62.0,Pass
STU0406,SCH05,3,Reading,2026-01-07,56.6,Pass
STU0047,SCH07,5,Math,2025-07-27,62.9,Pass
STU0484,SCH01,5,Writing,2026-03-08,66.6,Pass
STU0139,SCH07,5,Writing,2025-10-25,36.3,Fail
STU0385,SCH02,8,Reading,2026-02-16,78.6,Fail
STU0122,SCH03,7,Writing,2025-10-13,,Pass
STU0004,SCH01,5,Writing,2025-09-26,63.6,Fail
STU0545,SCH07,4,Reading,2025-09-23,,Pass
STU0116,SCH01,8,Writing,2025-04-29,70.1,Pass
STU0247,SCH04,3,Math,2026-01-10,54.4,Pass
STU0251,SCH01,6,Writing,2025-05-23,58.9,Pass
STU0553,SCH04,3,Reading,2025-12-27,55.6,Fail
STU0592,SCH06,4,Science,2025-04-19,67.7,Pass
STU0534,SCH04,6,Science,2025-06-20,65.0,Pass
STU0438,SCH08,3,Science,2026-03-24,86.9,Fail
STU0538,SCH06,8,Writing,2025-07-02,57.4,Pass
STU0551,SCH08,4,Reading,2026-03-20,74.9,Fail
STU0148,SCH08,3,Writing,2025-12-03,86.8,
STU0398,SCH04,5,Reading,2026-03-17,64.2,Fail
STU0081,SCH08,5,Math,2025-12-31,40.5,Pass
STU0275,SCH07,8,Math,2026-01-20,,Pass
STU0193,SCH04,6,Reading,2025-05-13,77.2,Pass
STU0217,SCH04,8,Math,2026-02-18,,Fail
STU0249,SCH04,6,Reading,2025-10-10,43.4,Fail
STU0478,SCH06,5,Science,2025-09-08,59.7,Fail
STU0526,SCH08,6,Math,2026-02-12,,Fail
STU0209,SCH06,5,Writing,2025-06-22,45.3,Pass
STU0577,SCH04,8,Reading,2025-08-01,86.9,Fail
STU0303,SCH03,4,Science,2025-05-21,,Pass
STU0389,SCH04,6,Science,2026-03-11,66.7,Fail
STU0472,SCH03,8,Science,2026-01-07,95.8,Pass
STU0144,SCH08,4,Math,2026-01-27,39.7,Pass
STU0050,SCH01,6,Reading,2025-10-19,63.7,Pass
STU0070,SCH03,3,Reading,2026-02-22,53.5,Fail
STU0500,SCH01,3,Writing,2026-03-07,67.5,Pass
STU0018,SCH05,7,Science,2025-12-24,95.3,Fail
STU0184,SCH02,3,Reading,2026-02-10,71.0,Pass
STU0197,SCH05,5,Science,2025-12-10,69.7,
STU0471,SCH04,8,Reading,2025-04-23,62.2,Fail
STU0083,SCH01,3,Writing,2025-05-23,54.2,Pass
STU0010,SCH03,3,Writing,2025-11-18,81.1,Fail
STU0340,SCH02,7,Math,2025-12-14,72.1,Fail
STU0278,SCH01,3,Science,2025-10-09,100.0,Pass
STU0184,SCH06,3,Reading,2026-03-29,46.6,Fail
STU0079,SCH05,4,Reading,2025-11-14,55.0,Fail
STU0554,SCH06,6,Reading,2025-06-20,73.8,Pass
STU0513,SCH06,3,Math,2025-08-15,45.8,Fail
STU0238,SCH02,5,Writing,2025-04-20,81.1,Fail
STU0462,SCH08,4,Science,2025-11-01,65.4,Fail
STU0443,SCH03,8,Writing,2026-02-01,85.9,Pass
STU0076,SCH02,5,Reading,2025-04-16,78.7,Fail
STU0158,SCH07,5,Science,2026-01-02,69.2,Fail
STU0456,SCH06,5,Math,2026-03-04,69.0,
STU0090,SCH03,6,Writing,2025-10-25,51.2,Pass
STU0027,SCH02,5,Math,2025-09-04,61.7,
STU0395,SCH01,5,Writing,2025-06-28,63.2,Pass
STU0586,SCH03,8,Writing,2026-04-07,72.1,Pass
STU0143,SCH05,5,Science,2025-11-06,62.6,Fail
STU0283,SCH07,5,Writing,2025-05-19,,Pass
STU0370,SCH05,4,Writing,2025-12-18,59.8,Pass
STU0139,SCH05,3,Writing,2025-05-04,62.5,Fail
STU0390,SCH06,6,Science,2025-06-17,42.7,Pass
STU0308,SCH06,7,Reading,2026-02-19,79.8,Fail
STU0322,SCH03,6,Science,2025-08-29,62.0,Fail
STU0590,SCH04,5,Writing,2025-11-06,90.3,Fail
STU0403,SCH06,3,Reading,2026-04-06,52.2,Pass
STU0473,SCH04,6,Science,2026-03-02,57.7,Pass
STU0419,SCH08,4,Science,2026-02-09,69.1,Fail
STU0387,SCH02,6,Writing,2025-05-23,90.0,Fail
STU0548,SCH07,7,Math,2026-03-15,71.6,Pass
STU0112,SCH04,8,Science,2025-06-25,54.3,Pass
STU0046,SCH07,5,Writing,2025-11-29,73.4,Pass
STU0523,SCH04,6,Science,2025-08-31,72.2,
STU0475,SCH03,5,Math,2025-07-26,55.5,Pass
STU0119,SCH03,5,Science,2025-08-01,69.4,Fail
STU0467,SCH04,7,Writing,2025-08-30,,Fail
STU0327,SCH02,5,Math,2025-10-02,73.5,Pass
STU0024,SCH06,8,Math,2025-10-28,64.0,Pass
STU0529,SCH03,7,Reading,2025-04-10,59.9,Fail
STU0574,SCH07,6,Reading,2025-09-30,74.3,Pass
STU0443,SCH07,3,Reading,2025-08-23,47.8,
STU0440,SCH07,3,Reading,2025-08-04,74.9,Pass
STU0592,SCH02,7,Reading,2025-12-06,92.1,Fail
STU0334,SCH04,6,Math,2026-03-22,65.7,Fail
STU0398,SCH07,7,Math,2025-05-13,97.8,Fail
STU0361,SCH08,7,Reading,2025-10-04,77.2,Fail
STU0087,SCH03,5,Math,2025-07-18,46.4,Pass
STU0313,SCH02,4,Science,2025-12-09,,Fail
STU0142,SCH07,6,Reading,2026-01-11,51.2,Fail
STU0551,SCH03,7,Reading,2026-02-07,59.8,Fail
STU0462,SCH01,5,Math,2025-09-26,68.5,
STU0140,SCH04,6,Writing,2025-09-16,53.3,
STU0501,SCH03,3,Math,2026-02-03,77.4,Pass
STU0300,SCH01,5,Reading,2026-03-07,59.1,Fail
STU0580,SCH08,7,Math,2025-11-11,65.9,Pass
STU0275,SCH06,7,Math,2025-12-01,69.0,Pass
STU0436,SCH02,8,Reading,2025-10-30,51.8,Fail
STU0034,SCH08,5,Science,2025-10-28,72.1,Pass
STU0243,SCH04,8,Science,2025-07-28,63.1,Fail
STU0170,SCH03,4,Reading,2026-01-06,74.7,Fail
STU0552,SCH03,5,Science,2026-02-20,49.7,Fail
STU0587,SCH05,7,Math,2026-02-02,84.5,Fail
STU0061,SCH05,8,Reading,2025-06-16,86.8,Pass
STU0256,SCH03,8,Science,2025-08-20,80.0,Fail
STU0502,SCH03,7,Science,2026-02-10,45.6,Fail
STU0385,SCH08,3,Math,2025-11-22,47.5,Fail
STU0466,SCH08,5,Math,2026-02-24,82.3,Pass
STU0470,SCH06,3,Writing,2025-04-30,,Pass
STU0507,SCH05,5,Science,2026-02-02,83.6,Fail
STU0561,SCH03,7,Writing,2026-03-07,,Pass
STU0048,SCH02,8,Writing,2026-03-24,37.1,Pass
STU0128,SCH03,6,Writing,2026-03-23,105.8,Pass
STU0136,SCH05,4,Science,2026-01-29,68.2,Pass
STU0370,SCH05,3,Science,2025-10-04,56.9,Pass
STU0406,SCH05,8,Reading,2025-12-06,49.4,Fail
STU0094,SCH02,3,Reading,2026-03-21,60.1,Pass
STU0532,SCH08,3,Math,2026-03-24,69.2,Fail
STU0124,SCH07,8,Reading,2026-01-07,57.3,Pass
STU0105,SCH02,5,Science,2026-02-05,69.5,Fail
STU0141,SCH07,4,Reading,2025-06-22,85.6,Pass
STU0451,SCH06,8,Reading,2026-02-12,76.0,
STU0422,SCH08,4,Math,2025-12-18,,
STU0394,SCH06,6,Science,2026-02-15,63.0,Pass
STU0254,SCH05,8,Math,2025-11-08,,Fail
STU0028,SCH05,4,Reading,2025-11-22,88.3,Fail
STU0303,SCH01,4,Writing,2025-11-01,59.6,Pass
STU0541,SCH01,5,Science,2025-07-13,75.3,Pass
STU0397,SCH07,5,Reading,2025-08-29,,Pass
STU0018,SCH02,3,Science,2026-01-07,30.8,Pass
STU0041,SCH01,6,Science,2025-05-15,55.8,Fail
STU0434,SCH07,3,Reading,2025-05-11,55.2,Fail
STU0086,SCH05,3,Reading,2026-03-30,76.6,Fail
STU0401,SCH02,5,Writing,2025-10-22,66.6,Pass
STU0060,SCH04,3,Writing,2025-12-03,83.4,Pass
STU0317,SCH03,3,Math,2025-07-12,81.8,Pass
STU0012,SCH03,6,Science,2025-09-16,42.1,Fail
STU0171,SCH06,4,Science,2025-07-12,64.2,Pass
STU0031,SCH06,6,Science,2025-09-17,,Pass
STU0509,SCH08,7,Science,2025-09-26,66.3,Pass
STU0512,SCH03,5,Reading,2026-01-25,67.8,Pass
STU0234,SCH01,3,Math,2025-07-10,75.0,Pass
STU0048,SCH08,5,Writing,2025-07-17,76.3,Pass
STU0567,SCH07,4,Science,2025-09-11,63.5,Pass
STU0427,SCH06,5,Math,2026-02-02,61.2,Pass
STU0184,SCH04,7,Math,2025-11-26,64.7,Fail
STU0071,SCH08,5,Science,2025-04-17,59.1,Pass
STU0378,SCH04,5,Science,2026-02-25,84.8,Pass
STU0476,SCH06,7,Writing,2025-10-21,93.9,Pass
STU0155,SCH01,6,Math,2026-02-07,,
STU0555,SCH06,8,Math,2026-03-03,68.8,
STU0315,SCH02,4,Reading,2025-05-06,67.8,Fail
STU0504,SCH01,4,Science,2025-09-11,96.2,Fail
STU0382,SCH08,8,Math,2025-11-10,86.7,Pass
STU0518,SCH03,8,Writing,2025-05-22,85.3,Fail
STU0134,SCH04,5,Science,2025-05-24,76.8,Fail
STU0403,SCH06,5,Writing,2025-06-05,67.2,Pass
STU0140,SCH02,4,Math,2026-03-31,73.9,Pass
STU0461,SCH08,5,Writing,2025-10-26,78.3,Pass
STU0463,SCH05,6,Science,2025-09-20,77.7,Pass
STU0093,SCH03,8,Science,2025-05-28,78.7,
STU0221,SCH06,4,Math,2025-07-21,47.4,Pass
STU0365,SCH07,7,Math,2025-07-03,62.9,
STU0032,SCH07,6,Reading,2025-09-08,57.6,
STU0474,SCH02,4,Math,2025-08-07,96.2,Pass
STU0134,SCH04,6,Science,2025-09-07,70.1,Pass
STU0597,SCH05,3,Math,2025-04-12,,Fail
STU0132,SCH02,5,Math,2026-03-21,,Pass
STU0473,SCH01,4,Writing,2026-02-07,74.5,Pass
STU0392,SCH07,4,Science,2026-02-04,54.5,Pass
STU0192,SCH05,5,Writing,2025-12-23,71.0,
STU0303,SCH08,6,Writing,2026-01-03,65.3,Pass
STU0090,SCH05,6,Reading,2025-12-27,49.2,Pass
STU0557,SCH01,6,Science,2025-09-02,78.5,Fail
STU0558,SCH08,5,Science,2026-03-11,60.8,Fail
STU0225,SCH01,5,Math,2025-12-24,74.1,
STU0543,SCH06,7,Reading,2025-04-20,74.8,Pass
STU0273,SCH01,4,Writing,2025-05-09,66.9,Fail
STU0178,SCH03,4,Science,2025-07-14,76.0,Pass
STU0361,SCH03,7,Reading,2026-03-24,46.2,Fail
STU0556,SCH05,4,Writing,2026-03-30,,Pass
STU0021,SCH08,3,Science,2026-02-05,69.2,Pass
STU0134,SCH06,8,Reading,2025-08-25,93.2,Fail
STU0061,SCH01,4,Reading,2025-05-15,53.9,Pass
STU0539,SCH06,3,Science,2025-11-15,61.8,Pass
STU0345,SCH05,5,Reading,2025-04-07,46.8,Pass
STU0448,SCH08,8,Science,2026-03-17,86.1,Fail
STU0229,SCH03,6,Science,2026-03-27,103.1,Fail
STU0131,SCH03,8,Math,2026-02-09,102.7,Fail
STU0582,SCH01,4,Science,2025-10-09,56.4,Pass
STU0580,SCH02,6,Reading,2025-05-29,65.1,Fail
STU0328,SCH03,8,Math,2025-04-18,73.3,Fail
STU0458,SCH01,5,Reading,2025-07-23,68.0,Fail
STU0111,SCH01,3,Writing,2026-03-06,73.6,Fail
STU0430,SCH03,6,Writing,2026-03-24,78.3,Fail
STU0104,SCH08,7,Reading,2025-06-30,58.6,Pass
STU0463,SCH02,3,Science,2026-03-29,79.6,Pass
STU0076,SCH06,4,Writing,2025-10-12,69.5,Pass
STU0077,SCH02,5,Writing,2025-08-29,63.5,
STU0445,SCH03,3,Math,2025-04-13,52.7,Fail
STU0211,SCH04,6,Science,2026-03-14,61.3,Pass
STU0051,SCH07,7,Writing,2025-09-30,57.3,Pass
STU0056,SCH06,3,Writing,2026-01-13,91.8,Fail
STU0205,SCH02,3,Reading,2026-01-14,82.6,Pass
STU0299,SCH02,6,Math,2026-02-07,62.6,Fail
STU0272,SCH02,8,Writing,2026-01-04,82.1,Pass
STU0380,SCH07,5,Reading,2025-12-09,56.9,Fail
STU0270,SCH04,5,Math,2026-01-11,71.9,Pass
STU0100,SCH02,8,Science,2025-08-06,73.5,Pass
STU0567,SCH01,6,Writing,2025-07-26,,Fail
STU0587,SCH04,6,Science,2025-12-18,96.5,Pass
STU0515,SCH03,3,Writing,2025-11-04,83.4,Pass
STU0172,SCH04,4,Reading,2025-06-06,73.8,
STU0207,SCH03,7,Science,2025-07-25,69.6,Fail
STU0069,SCH02,6,Writing,2025-09-23,40.0,Fail
STU0013,SCH07,3,Writing,2025-11-09,,Pass
STU0152,SCH02,3,Math,2025-05-06,74.7,
STU0421,SCH05,6,Writing,2026-03-25,38.6,Fail
STU0039,SCH03,5,Writing,2025-08-04,80.7,Fail
STU0040,SCH07,5,Reading,2025-10-03,84.1,Pass
STU0487,SCH05,5,Math,2025-12-05,54.0,Fail
STU0288,SCH08,8,Math,2025-11-28,90.7,Pass
STU0138,SCH05,8,Writing,2025-05-26,70.0,Fail
STU0092,SCH04,6,Reading,2025-10-27,55.0,Fail
STU0497,SCH06,3,Reading,2025-10-13,89.6,Fail
STU0139,SCH01,4,Reading,2025-10-02,77.5,Pass
STU0060,SCH04,3,Writing,2025-08-27,81.5,Pass
STU0281,SCH06,6,Writing,2025-12-10,72.4,Pass
STU0032,SCH04,5,Writing,2026-01-03,60.2,Fail
STU0565,SCH06,5,Reading,2026-04-03,62.8,Fail
STU0093,SCH05,3,Writing,2026-01-03,96.0,Pass
STU0227,SCH04,8,Reading,2025-07-05,77.0,Fail
STU0420,SCH01,8,Math,2025-08-26,60.1,
STU0009,SCH04,5,Science,2025-09-09,69.3,
STU0434,SCH07,5,Writing,2026-01-27,67.8,Fail
STU0599,SCH02,3,Science,2025-11-25,84.8,Fail
STU0306,SCH02,6,Math,2025-07-29,61.8,Fail
STU0284,SCH05,8,Science,2025-05-29,78.3,Pass
STU0154,SCH04,3,Writing,2025-07-31,,Pass
STU0510,SCH05,5,Writing,2025-10-05,48.8,Fail
STU0398,SCH01,7,Reading,2026-02-20,54.9,Fail
STU0368,SCH05,4,Reading,2025-06-16,87.8,Fail
STU0100,SCH08,4,Science,2025-07-11,65.0,Pass
STU0344,SCH02,4,Science,2025-11-21,49.0,Pass
STU0315,SCH07,5,Science,2025-11-12,67.2,Pass
STU0482,SCH01,8,Math,2025-07-01,80.5,Fail
STU0200,SCH02,8,Writing,2025-07-31,52.8,Pass
STU0141,SCH04,5,Writing,2026-03-28,65.1,Fail
STU0147,SCH06,8,Reading,2026-02-02,71.1,Pass
STU0321,SCH01,3,Writing,2025-08-22,50.9,Fail
STU0215,SCH03,7,Reading,2025-09-08,42.6,Pass
STU0133,SCH07,8,Writing,2025-12-23,,Fail
STU0440,SCH08,6,Math,2025-05-16,77.7,Fail
STU0015,SCH06,7,Reading,2026-04-07,70.3,Pass
STU0005,SCH04,4,Science,2025-05-31,65.3,Fail
STU0172,SCH02,3,Science,2025-12-23,74.5,Fail
STU0467,SCH06,6,Reading,2026-01-16,50.2,Fail
STU0193,SCH03,6,Math,2025-12-15,95.0,Pass
STU0230,SCH03,4,Math,2025-09-03,60.3,Fail
STU0039,SCH07,8,Science,2025-09-16,63.1,Pass
STU0050,SCH02,8,Math,2026-01-30,75.1,Fail
STU0390,SCH02,7,Science,2026-03-03,70.2,Fail
STU0157,SCH04,8,Math,2025-12-01,,Fail
STU0141,SCH07,3,Math,2025-10-09,89.0,Fail
STU0117,SCH02,6,Reading,2025-07-03,47.8,Pass
STU0367,SCH07,5,Reading,2026-02-06,51.5,Pass
STU0562,SCH08,4,Writing,2025-08-29,67.5,Pass
STU0114,SCH08,4,Math,2025-08-14,69.0,Pass
STU0104,SCH05,8,Reading,2025-11-18,,Fail
STU0476,SCH01,3,Reading,2025-11-22,79.1,Pass
STU0298,SCH06,8,Science,2025-07-18,61.3,Pass
STU0010,SCH03,8,Reading,2025-12-10,71.3,Fail
STU0367,SCH08,7,Science,2025-04-15,72.8,Fail
STU0188,SCH02,6,Writing,2026-02-19,63.4,Fail
STU0279,SCH07,8,Writing,2026-01-04,74.7,Pass
STU0116,SCH03,8,Math,2025-08-29,47.4,Pass
STU0107,SCH07,7,Writing,2025-09-27,75.3,Pass
STU0389,SCH06,7,Math,2025-11-03,46.6,Pass
STU0495,SCH08,3,Writing,2025-09-14,62.9,Fail
STU0013,SCH04,8,Science,2025-06-12,70.0,Pass
STU0444,SCH04,6,Science,2025-08-12,,Pass
STU0572,SCH01,3,Reading,2025-12-26,49.6,Fail
STU0508,SCH03,3,Writing,2025-05-04,62.2,Fail
STU0052,SCH04,7,Writing,2025-12-19,80.1,
STU0241,SCH02,6,Writing,2025-05-18,73.2,Fail
STU0458,SCH06,3,Writing,2025-04-09,52.5,Pass
STU0106,SCH07,6,Math,2026-03-17,67.7,Pass
STU0312,SCH04,8,Writing,2025-06-04,67.9,Fail
STU0373,SCH01,4,Writing,2025-07-16,55.4,
STU0373,SCH08,3,Math,2025-09-18,90.3,Pass
STU0003,SCH06,5,Science,2025-12-28,54.1,Pass
STU0047,SCH03,6,Reading,2025-09-20,63.7,Fail
STU0110,SCH05,7,Reading,2025-05-24,,Fail
STU0221,SCH08,4,Science,2025-06-03,100.0,Pass
STU0425,SCH01,8,Math,2025-12-10,70.3,Pass
STU0511,SCH01,7,Math,2025-04-10,51.7,Fail
STU0600,SCH08,7,Reading,2025-08-04,64.7,Pass
STU0107,SCH07,8,Science,2025-12-10,59.3,Fail
STU0429,SCH04,5,Writing,2025-12-06,106.8,Fail
STU0137,SCH03,6,Science,2026-03-09,59.0,Fail
STU0567,SCH04,4,Reading,2026-02-21,59.2,Fail
STU0136,SCH03,7,Science,2026-01-19,59.3,Pass
STU0361,SCH08,7,Writing,2026-01-10,53.4,Fail
STU0433,SCH01,7,Math,2025-09-29,39.8,Pass
STU0391,SCH03,3,Math,2026-02-04,75.7,Pass
STU0294,SCH05,4,Math,2025-08-22,91.8,Fail
STU0209,SCH01,5,Writing,2026-01-22,92.1,Pass
STU0575,SCH07,4,Science,2026-02-18,86.1,Pass
STU0391,SCH07,6,Science,2025-08-28,72.9,Fail
STU0208,SCH08,4,Science,2025-07-28,66.9,Pass
STU0199,SCH05,6,Reading,2025-07-24,73.9,Pass
STU0527,SCH02,6,Math,2025-08-14,67.4,Fail
STU0286,SCH05,4,Reading,2026-01-22,58.1,Fail
STU0478,SCH03,3,Reading,2026-01-17,62.2,Fail
STU0053,SCH05,6,Science,2025-07-08,89.1,Pass
STU0189,SCH02,7,Reading,2025-10-31,78.4,Fail
STU0557,SCH07,3,Science,2026-04-06,69.9,Fail
STU0340,SCH06,5,Reading,2026-02-18,78.2,Fail
STU0575,SCH01,3,Science,2025-12-08,37.4,Pass
STU0041,SCH06,6,Math,2025-11-17,78.9,Fail
STU0263,SCH05,3,Science,2025-05-04,50.2,Fail
STU0045,SCH05,8,Reading,2025-12-20,66.4,Fail
STU0527,SCH02,3,Reading,2025-09-29,93.4,Pass
STU0068,SCH04,8,Reading,2025-08-17,63.4,
STU0107,SCH04,7,Writing,2025-10-19,46.5,Pass
STU0025,SCH08,8,Science,2025-11-17,39.7,Pass
STU0090,SCH02,3,Reading,2026-01-22,73.3,Pass
STU0265,SCH07,6,Writing,2026-03-09,49.6,Fail
STU0444,SCH06,3,Writing,2026-01-24,59.4,Pass
STU0600,SCH01,8,Math,2025-05-07,51.6,Fail
STU0515,SCH02,5,Science,2026-03-09,58.4,Fail
STU0391,SCH07,8,Math,2026-02-15,60.4,Fail
STU0161,SCH04,4,Writing,2025-06-09,76.5,Fail
STU0148,SCH05,8,Science,2026-01-31,40.1,Pass
STU0567,SCH03,3,Math,2025-10-28,88.2,
STU0313,SCH04,8,Science,2026-03-31,68.6,Pass
STU0423,SCH03,4,Reading,2026-01-04,73.2,Pass
STU0118,SCH03,8,Math,2025-05-18,96.0,Fail
STU0563,SCH02,5,Math,2026-03-22,68.0,Fail
STU0339,SCH06,4,Reading,2025-05-01,77.9,Pass
STU0292,SCH02,4,Science,2026-02-05,54.7,Fail
STU0599,SCH03,7,Science,2026-02-22,69.2,Fail
STU0439,SCH03,3,Science,2025-06-15,68.3,Fail
STU0284,SCH06,4,Science,2026-02-05,78.6,Fail
STU0474,SCH08,5,Science,2025-07-04,60.8,Pass
STU0288,SCH03,7,Reading,2025-08-16,68.6,Fail
STU0079,SCH02,3,Math,2025-08-07,75.6,Pass
STU0038,SCH05,7,Writing,2026-03-03,49.8,Pass
STU0375,SCH07,4,Science,2025-10-14,79.8,Pass
STU0407,SCH06,7,Math,2026-03-25,81.2,Pass
STU0170,SCH03,6,Reading,2026-02-27,83.7,Pass
STU0496,SCH06,3,Reading,2025-12-01,101.0,Fail
STU0238,SCH02,5,Science,2026-03-30,70.2,Fail
STU0398,SCH08,6,Math,2025-04-24,,Pass
STU0332,SCH02,8,Science,2025-05-23,74.0,Pass
STU0386,SCH07,5,Math,2025-09-09,57.9,
STU0386,SCH04,7,Writing,2025-11-21,,Fail
STU0494,SCH01,7,Reading,2025-11-15,92.1,Fail
STU0170,SCH04,3,Science,2025-10-09,70.3,Fail
STU0122,SCH04,6,Science,2025-06-04,77.4,Pass
STU0494,SCH08,6,Reading,2025-06-27,49.8,Fail
STU0023,SCH04,3,Reading,2025-07-07,56.3,Pass
STU0138,SCH01,7,Reading,2025-07-21,78.9,Pass
STU0530,SCH07,7,Math,2026-02-10,72.0,Fail
STU0088,SCH04,6,Writing,2026-02-28,74.2,
STU0147,SCH03,7,Science,2025-07-26,61.2,Pass
STU0351,SCH08,7,Math,2025-10-03,69.9,Pass
STU0017,SCH04,7,Writing,2025-12-09,82.7,Pass
STU0099,SCH03,6,Math,2025-05-30,81.3,Pass
STU0096,SCH08,8,Reading,2026-01-09,55.2,Pass
STU0442,SCH07,5,Math,2025-07-10,62.9,Fail
STU0391,SCH06,7,Math,2025-11-19,53.0,Fail
STU0138,SCH05,6,Reading,2025-12-18,73.3,Fail
STU0264,SCH04,3,Math,2026-03-03,64.6,Pass
STU0533,SCH01,6,Reading,2025-05-27,,Fail
STU0110,SCH03,6,Science,2025-09-16,55.9,Fail
STU0549,SCH07,7,Science,2025-06-13,32.5,
STU0209,SCH07,7,Writing,2025-07-14,37.9,Pass
STU0380,SCH08,5,Science,2026-02-10,45.1,Fail
STU0142,SCH02,8,Reading,2025-07-25,55.9,Fail
STU0166,SCH02,4,Writing,2025-04-12,74.1,Pass
STU0165,SCH07,8,Math,2026-01-30,41.7,Pass
STU0149,SCH08,7,Writing,2026-02-12,78.0,Fail
STU0082,SCH01,8,Writing,2025-07-03,74.2,
STU0534,SCH05,8,Math,2025-05-25,94.2,Fail
STU0450,SCH01,4,Science,2026-03-16,58.7,Pass
STU0035,SCH04,7,Reading,2025-05-17,61.5,Pass
STU0162,SCH02,5,Writing,2025-07-09,55.4,Fail
STU0405,SCH07,7,Reading,2025-11-24,43.6,Pass
STU0093,SCH05,8,Science,2026-03-01,65.3,Fail
STU0284,SCH04,7,Reading,2026-03-18,53.4,
STU0268,SCH03,6,Math,2025-11-22,72.3,Pass
STU0516,SCH05,5,Math,2026-02-27,80.3,Fail
STU0454,SCH07,7,Writing,2025-07-22,32.5,
STU0348,SCH08,8,Writing,2025-12-20,91.8,Fail
STU0120,SCH05,3,Writing,2025-05-13,49.9,Pass
STU0236,SCH06,6,Science,2025-10-29,65.9,Fail
STU0255,SCH05,3,Writing,2025-10-13,67.8,Fail
STU0078,SCH03,6,Science,2025-11-03,48.7,
STU0188,SCH04,6,Reading,2025-12-09,93.3,Pass
STU0248,SCH05,4,Reading,2025-10-11,71.3,Fail
STU0160,SCH02,3,Math,2025-12-04,78.9,Fail
STU0007,SCH01,6,Science,2026-01-26,55.3,Fail
STU0503,SCH03,7,Science,2025-07-09,56.0,Fail
STU0228,SCH03,3,Writing,2025-09-01,49.5,Fail
STU0404,SCH03,6,Math,2025-11-27,70.5,Fail
STU0324,SCH01,3,Reading,2025-05-03,63.0,Fail
STU0266,SCH03,7,Science,2025-07-17,72.8,Pass
STU0276,SCH08,7,Science,2026-03-20,56.3,Pass
STU0430,SCH06,5,Writing,2026-02-05,81.2,Fail
STU0462,SCH03,7,Reading,2025-11-22,90.6,Pass
STU0277,SCH04,7,Writing,2025-12-18,65.0,Fail
STU0201,SCH03,8,Reading,2025-08-08,65.9,Fail
STU0512,SCH03,8,Science,2025-12-14,68.4,Fail
STU0308,SCH05,7,Math,2025-07-21,49.5,Pass
STU0221,SCH05,6,Math,2025-06-14,81.7,Fail
STU0343,SCH05,5,Science,2025-10-29,,Fail
STU0353,SCH01,6,Math,2025-06-28,55.1,Fail
STU0204,SCH03,5,Science,2026-04-06,59.9,Fail
STU0081,SCH07,7,Science,2025-11-15,84.0,Fail
STU0149,SCH03,8,Science,2025-04-12,49.8,Fail
STU0074,SCH02,4,Science,2025-11-09,77.7,Pass
STU0322,SCH06,8,Science,2025-07-22,63.0,Fail
STU0278,SCH08,5,Writing,2025-12-22,48.2,Fail
STU0172,SCH03,3,Reading,2025-04-28,64.9,Pass
STU0216,SCH03,6,Math,2025-04-19,46.1,Pass
STU0066,SCH08,7,Math,2025-05-06,82.9,Pass
STU0107,SCH05,7,Reading,2025-12-29,70.5,Pass
STU0400,SCH05,4,Reading,2025-08-13,66.7,Pass
STU0135,SCH03,3,Math,2025-07-07,51.8,Fail
STU0334,SCH08,6,Science,2025-04-08,60.3,Pass
STU0468,SCH07,7,Science,2025-05-05,65.6,
STU0494,SCH04,3,Writing,2026-02-24,62.5,Pass
STU0311,SCH01,3,Reading,2025-09-16,82.5,Fail
STU0294,SCH08,7,Math,2025-05-11,61.3,Fail
STU0307,SCH01,6,Science,2026-02-05,51.9,
STU0008,SCH06,4,Writing,2025-08-15,79.9,Pass
STU0168,SCH07,6,Reading,2025-07-02,57.2,Fail
STU0082,SCH07,8,Reading,2025-09-27,41.2,Fail
STU0292,SCH05,6,Reading,2026-02-08,65.2,Pass
STU0187,SCH03,5,Math,2025-04-18,54.4,Fail
STU0504,SCH04,5,Math,2025-11-24,52.2,Pass
STU0051,SCH01,4,Math,2025-05-05,66.4,Fail
STU0009,SCH04,3,Reading,2026-02-26,75.6,Pass
STU0506,SCH04,5,Writing,2025-06-02,57.9,Fail
STU0475,SCH01,5,Math,2025-10-24,92.9,Pass
STU0058,SCH05,6,Math,2025-05-03,,
STU0391,SCH01,3,Reading,2025-06-15,65.5,
STU0454,SCH04,8,Math,2025-09-04,75.7,Pass
STU0534,SCH04,6,Writing,2025-12-06,91.2,
STU0331,SCH03,8,Math,2025-12-08,67.4,Pass
STU0260,SCH08,8,Science,2025-11-02,49.1,Pass
STU0370,SCH01,8,Reading,2025-05-12,78.9,Fail
STU0333,SCH01,4,Science,2026-02-04,66.2,Pass
STU0406,SCH04,3,Math,2026-01-14,47.9,Pass
STU0381,SCH02,4,Reading,2025-11-19,56.8,Fail
STU0094,SCH06,8,Math,2026-01-13,88.1,Pass
STU0129,SCH08,4,Science,2026-02-24,75.9,Fail
STU0450,SCH04,3,Writing,2025-05-15,62.9,Pass
STU0497,SCH08,7,Science,2025-07-24,74.3,Fail
STU0195,SCH03,7,Science,2025-07-29,60.5,Pass
STU0071,SCH03,6,Science,2025-11-21,83.1,Fail
STU0555,SCH06,6,Math,2026-03-23,70.9,Pass
STU0020,SCH06,7,Reading,2026-02-04,50.4,Fail
STU0065,SCH07,4,Writing,2026-01-01,68.9,Fail
STU0331,SCH07,8,Science,2025-06-06,59.4,Pass
STU0099,SCH02,3,Reading,2026-03-03,69.6,Pass
STU0498,SCH04,3,Math,2025-10-07,71.4,Fail
STU0502,SCH05,3,Science,2025-11-15,72.4,Pass
STU0214,SCH08,3,Writing,2025-11-23,91.5,Pass
STU0370,SCH07,5,Math,2025-08-27,,Pass
STU0073,SCH05,3,Reading,2026-01-30,57.4,Pass
STU0104,SCH04,7,Writing,2025-06-21,74.8,Pass
STU0584,SCH03,7,Writing,2025-09-01,,Pass
STU0591,SCH06,8,Writing,2025-07-25,63.3,Pass
STU0171,SCH03,7,Writing,2025-09-01,52.9,Fail
STU0162,SCH08,5,Science,2026-03-31,19.6,Fail
STU0423,SCH07,8,Science,2025-09-14,52.2,Pass
STU0577,SCH04,6,Science,2025-04-12,57.5,Fail
STU0001,SCH01,5,Math,2025-06-27,80.7,
STU0310,SCH01,5,Reading,2026-02-21,70.9,Fail
STU0567,SCH03,3,Math,2025-05-30,80.7,
STU0365,SCH03,4,Science,2026-01-25,54.7,Pass
STU0263,SCH05,3,Writing,2026-01-22,82.7,
STU0080,SCH06,6,Reading,2025-10-01,36.0,Pass
STU0308,SCH01,8,Writing,2025-07-25,70.4,Pass
STU0058,SCH06,5,Writing,2025-08-23,41.9,Pass
STU0012,SCH07,3,Science,2026-01-06,83.1,Pass
STU0327,SCH03,5,Reading,2025-11-22,80.8,Fail
STU0457,SCH02,4,Writing,2025-10-24,86.4,Fail
STU0404,SCH03,4,Science,2026-03-22,85.0,Pass
STU0562,SCH07,5,Math,2025-09-28,77.7,Fail
STU0514,SCH07,8,Reading,2025-11-07,,Pass
STU0500,SCH07,8,Reading,2025-06-21,50.9,
STU0249,SCH02,5,Writing,2025-10-09,52.8,Pass
STU0116,SCH07,6,Science,2025-08-01,98.5,Fail
STU0196,SCH06,5,Math,2025-09-03,69.1,Fail
STU0453,SCH03,6,Math,2025-10-01,58.9,Pass
STU0205,SCH06,4,Math,2025-04-08,71.8,Pass
STU0295,SCH01,5,Math,2026-02-04,71.3,Fail
STU0461,SCH08,3,Science,2025-08-19,72.7,Pass
STU0560,SCH05,7,Writing,2026-02-16,86.0,
STU0019,SCH07,7,Math,2025-04-22,,Pass
STU0278,SCH01,6,Math,2026-01-08,73.3,Pass
STU0398,SCH05,8,Science,2025-09-26,69.9,Fail
STU0237,SCH07,7,Math,2025-08-24,65.8,Fail
STU0497,SCH02,4,Reading,2026-02-26,51.4,Pass
STU0041,SCH04,7,Science,2025-04-24,67.9,Fail
STU0502,SCH07,8,Reading,2025-08-24,,Fail
STU0310,SCH04,7,Science,2025-08-13,70.6,
STU0264,SCH07,3,Science,2025-07-04,70.1,Fail
STU0141,SCH02,8,Writing,2025-04-23,,Pass
STU0428,SCH04,7,Reading,2025-10-19,56.4,
STU0460,SCH03,4,Reading,2026-01-03,73.8,Pass
STU0142,SCH05,8,Reading,2026-03-19,38.3,Pass
STU0579,SCH03,5,Math,2026-01-28,82.0,Pass
STU0189,SCH06,4,Math,2025-06-01,71.0,Fail
STU0422,SCH05,6,Science,2025-11-15,37.2,
STU0193,SCH02,4,Reading,2026-02-08,111.2,Fail
STU0581,SCH04,7,Reading,2025-11-27,75.2,Pass
STU0027,SCH06,3,Writing,2026-01-16,87.3,Fail
STU0383,SCH03,6,Writing,2025-09-20,89.7,Fail
STU0141,SCH03,4,Reading,2025-11-14,93.0,Pass
STU0277,SCH07,4,Reading,2026-04-03,73.1,Pass
STU0068,SCH03,6,Writing,2025-06-08,56.5,Pass
STU0438,SCH07,3,Writing,2025-08-08,40.1,Fail
STU0404,SCH01,7,Math,2025-04-24,,Pass
STU0252,SCH07,8,Math,2025-08-26,76.4,Fail
STU0529,SCH01,4,Science,2025-09-17,39.1,Fail
STU0473,SCH03,6,Science,2025-06-14,79.6,Pass
STU0530,SCH03,6,Writing,2025-08-01,,Pass
STU0600,SCH03,6,Writing,2025-10-11,77.5,Fail
STU0462,SCH01,4,Writing,2025-10-14,48.0,Pass
STU0466,SCH02,5,Science,2025-09-29,55.3,Pass
STU0127,SCH02,3,Writing,2025-04-10,,Fail
STU0524,SCH03,6,Writing,2026-04-06,63.3,Pass
STU0175,SCH06,7,Reading,2025-06-16,72.4,Pass
STU0430,SCH05,5,Writing,2025-08-29,75.1,Fail
STU0186,SCH02,4,Reading,2025-10-04,93.5,Pass
STU0470,SCH08,6,Math,2026-03-08,68.6,Fail
STU0244,SCH04,7,Writing,2025-05-18,52.5,Pass
STU0251,SCH05,7,Reading,2026-01-07,72.6,Pass
STU0190,SCH03,3,Science,2025-07-16,96.6,Fail
STU0340,SCH02,3,Math,2025-08-27,74.7,Fail
STU0183,SCH03,8,Science,2025-11-03,50.4,Pass
STU0467,SCH06,3,Math,2025-04-11,53.2,Fail
STU0331,SCH06,6,Math,2025-06-13,69.5,Pass
STU0300,SCH08,4,Math,2025-07-06,39.2,Fail
STU0338,SCH07,7,Reading,2025-07-10,61.1,Pass
STU0586,SCH02,6,Science,2026-03-26,48.5,
STU0325,SCH05,7,Science,2025-05-28,,Fail
STU0533,SCH08,6,Reading,2025-09-18,58.8,Pass
STU0298,SCH04,3,Math,2025-05-11,88.8,Pass
STU0213,SCH07,6,Math,2026-01-29,,
STU0359,SCH04,3,Reading,2025-07-17,63.8,Pass
STU0316,SCH05,7,Science,2025-09-06,57.3,Pass
STU0117,SCH06,5,Writing,2026-02-18,64.7,Pass
STU0180,SCH04,5,Science,2025-12-13,47.5,Fail
STU0486,SCH01,8,Reading,2025-08-27,47.1,Fail
STU0474,SCH07,8,Math,2025-04-16,70.4,Fail
STU0579,SCH06,7,Math,2025-08-10,73.9,Fail
STU0068,SCH03,5,Math,2026-04-03,90.0,Fail
STU0385,SCH03,7,Writing,2025-10-23,70.9,Fail
STU0323,SCH01,5,Writing,2025-11-09,74.9,Pass
STU0509,SCH04,5,Writing,2026-01-27,74.1,Fail
STU0180,SCH02,5,Math,2025-04-12,56.8,
STU0095,SCH08,7,Math,2026-01-01,77.9,Pass
STU0195,SCH06,6,Science,2026-02-23,37.0,Fail
STU0147,SCH02,7,Reading,2025-11-13,69.1,Fail
STU0535,SCH02,3,Science,2025-12-25,71.9,
STU0090,SCH06,6,Math,2025-10-17,88.4,
STU0024,SCH05,8,Reading,2025-09-24,83.4,Fail
STU0206,SCH04,5,Science,2025-10-19,42.7,Pass
STU0280,SCH03,4,Science,2025-05-22,62.8,
STU0016,SCH02,4,Science,2025-09-21,56.6,Fail
STU0588,SCH04,4,Math,2025-06-03,64.4,Fail
STU0347,SCH08,3,Reading,2025-10-13,99.9,Pass
STU0109,SCH07,3,Math,2025-08-10,,Fail
STU0402,SCH03,8,Writing,2025-06-22,58.3,Pass
STU0547,SCH02,6,Reading,2025-05-04,59.3,Pass
STU0480,SCH02,6,Science,2026-04-06,58.6,Fail
STU0482,SCH04,4,Reading,2025-10-06,46.4,Fail
STU0373,SCH07,4,Science,2026-03-01,75.5,Fail
STU0500,SCH01,3,Writing,2025-08-13,37.9,Pass
STU0360,SCH08,6,Reading,2025-05-18,65.2,Pass
STU0521,SCH02,6,Math,2026-03-03,81.6,Fail
STU0570,SCH02,5,Writing,2026-03-31,55.4,Pass
STU0562,SCH03,6,Writing,2026-02-21,77.0,Pass
STU0349,SCH04,8,Writing,2025-04-28,,Fail
STU0558,SCH04,4,Math,2025-07-31,52.3,Fail
STU0118,SCH08,5,Math,2025-07-17,72.1,Fail
STU0072,SCH02,8,Writing,2025-04-11,59.6,Fail
STU0507,SCH01,3,Reading,2025-05-02,80.8,Pass
STU0151,SCH03,6,Science,2025-12-05,39.4,Fail
STU0592,SCH08,4,Reading,2025-04-09,62.5,Fail
STU0446,SCH06,3,Math,2026-01-09,56.1,Fail
STU0131,SCH05,3,Science,2025-09-15,100.0,Pass
STU0574,SCH06,3,Science,2025-11-15,,Pass
STU0241,SCH07,8,Writing,2026-01-16,51.3,Fail
STU0391,SCH07,7,Reading,2025-10-30,51.2,Pass
STU0487,SCH03,4,Writing,2026-02-11,75.8,
STU0158,SCH05,8,Reading,2025-04-11,56.2,Pass
STU0012,SCH02,8,Math,2025-08-07,87.3,Fail
STU0140,SCH02,4,Writing,2025-05-07,92.5,Fail
STU0436,SCH03,6,Writing,2026-03-10,52.5,Fail
STU0232,SCH03,6,Math,2026-03-16,62.7,Fail
STU0243,SCH05,6,Science,2025-08-16,72.1,Fail
STU0378,SCH02,7,Writing,2025-10-07,68.9,Pass
STU0146,SCH05,6,Math,2026-02-25,47.6,Pass
STU0484,SCH02,8,Science,2025-08-11,,Pass
STU0352,SCH01,6,Writing,2026-02-01,51.2,Fail
STU0432,SCH06,5,Science,2025-11-12,66.7,Pass
STU0037,SCH05,8,Science,2025-12-14,83.7,Pass
STU0587,SCH01,8,Science,2026-02-24,74.4,Pass
STU0294,SCH08,3,Reading,2025-06-23,38.7,Fail
STU0259,SCH03,7,Science,2025-04-07,67.0,Fail
STU0264,SCH01,8,Math,2025-04-22,41.8,Pass
STU0458,SCH06,4,Science,2025-05-24,48.0,Pass
STU0497,SCH03,7,Math,2025-08-10,64.5,Pass
STU0158,SCH08,6,Writing,2025-10-06,73.3,
STU0451,SCH03,4,Science,2025-05-02,79.1,Pass
STU0054,SCH03,6,Writing,2026-02-16,71.9,Fail
STU0309,SCH08,8,Reading,2025-04-14,50.9,Fail
STU0269,SCH03,7,Writing,2025-10-15,84.1,Pass
STU0296,SCH08,6,Science,2025-10-04,90.1,Pass
STU0100,SCH06,6,Science,2025-07-24,62.6,Fail
STU0277,SCH05,3,Science,2025-07-05,,Pass
STU0200,SCH06,8,Reading,2025-12-21,55.7,Fail
STU0561,SCH01,8,Math,2025-08-03,69.1,Pass
STU0538,SCH02,8,Writing,2025-10-31,,Fail
STU0225,SCH05,5,Reading,2025-07-08,88.4,Pass
STU0223,SCH02,8,Math,2026-02-13,72.4,Pass
STU0134,SCH07,8,Reading,2025-07-02,86.4,Fail
STU0302,SCH08,8,Math,2025-09-13,53.9,Fail
STU0284,SCH07,8,Science,2026-01-17,66.8,Fail
STU0064,SCH07,6,Science,2025-06-08,,Pass
STU0265,SCH05,4,Writing,2025-06-24,105.9,Pass
STU0403,SCH03,8,Writing,2025-06-10,85.7,Pass
STU0148,SCH07,4,Math,2026-01-22,88.3,Pass
STU0036,SCH02,3,Science,2026-01-05,55.6,Fail
STU0020,SCH08,4,Math,2025-05-21,88.2,Fail
STU0156,SCH06,6,Math,2025-07-30,58.9,Fail
STU0490,SCH07,6,Math,2025-12-01,66.8,Fail
STU0125,SCH06,5,Science,2025-09-13,67.7,Fail
STU0057,SCH02,5,Science,2025-08-14,82.6,Fail
STU0208,SCH03,7,Math,2025-10-24,76.1,Fail
STU0196,SCH05,8,Writing,2026-03-02,84.8,Fail
STU0499,SCH02,8,Writing,2026-01-28,55.2,Pass
STU0144,SCH01,4,Math,2025-12-29,64.2,Fail
STU0399,SCH02,7,Science,2026-04-05,48.3,Fail
STU0547,SCH08,3,Math,2025-09-16,60.8,Pass
STU0416,SCH02,4,Writing,2025-05-07,79.5,Pass
STU0594,SCH04,3,Math,2025-09-23,66.4,Pass
STU0483,SCH01,4,Reading,2026-03-15,50.7,Pass
STU0177,SCH01,5,Math,2026-04-02,59.2,Pass
STU0109,SCH02,6,Reading,2025-08-30,70.5,Pass
STU0208,SCH07,5,Writing,2025-06-01,49.6,Pass
STU0330,SCH04,3,Reading,2025-05-05,104.6,Fail
STU0065,SCH02,5,Reading,2025-09-28,68.4,Fail
STU0567,SCH03,6,Reading,2025-10-30,58.9,Pass
STU0137,SCH02,8,Writing,2025-11-15,68.5,Fail
STU0083,SCH01,3,Reading,2026-02-16,65.4,Pass
STU0291,SCH07,8,Writing,2026-02-21,64.4,
STU0536,SCH08,6,Reading,2025-12-02,58.5,Pass
STU0039,SCH03,8,Writing,2026-03-31,63.1,Fail
STU0357,SCH07,3,Reading,2025-09-24,,Pass
STU0121,SCH02,7,Science,2025-06-26,96.7,Pass
STU0476,SCH04,5,Math,2025-06-22,34.5,Pass
STU0116,SCH03,8,Writing,2025-07-19,59.2,
STU0056,SCH06,5,Reading,2026-01-29,68.1,Fail
STU0258,SCH06,7,Writing,2025-04-15,91.7,Pass
STU0162,SCH01,6,Math,2025-12-21,,Pass
STU0241,SCH08,7,Science,2025-11-26,46.3,Fail
STU0236,SCH02,5,Reading,2025-07-26,80.1,Pass
STU0243,SCH07,4,Writing,2025-06-18,72.5,Fail
STU0056,SCH07,4,Reading,2025-11-16,64.3,Fail
STU0183,SCH07,5,Reading,2026-01-19,58.5,Fail
STU0277,SCH04,5,Reading,2025-12-24,70.6,Pass
STU0583,SCH01,5,Reading,2025-12-01,80.9,Fail
STU0176,SCH06,4,Science,2025-06-02,78.8,Pass
STU0175,SCH04,3,Writing,2025-12-19,78.8,
STU0485,SCH08,5,Math,2025-07-02,54.4,Fail
STU0253,SCH04,5,Writing,2025-07-16,,Pass
STU0588,SCH01,6,Math,2025-11-16,52.9,Pass
STU0482,SCH01,6,Writing,2026-01-29,41.4,Pass
STU0464,SCH08,4,Math,2026-01-01,71.5,
STU0417,SCH04,4,Science,2026-02-17,,Pass
STU0017,SCH08,8,Science,2026-02-01,88.8,Pass
STU0471,SCH01,6,Writing,2025-04-27,72.2,Fail
STU0190,SCH06,8,Writing,2025-05-26,37.7,Pass
STU0073,SCH07,8,Science,2025-10-02,,Fail
STU0556,SCH04,8,Math,2025-10-24,65.6,Fail
STU0057,SCH06,3,Math,2025-08-26,55.6,Pass
STU0375,SCH06,4,Math,2026-03-27,79.3,Pass
STU0142,SCH06,4,Math,2025-10-22,53.5,Pass
STU0231,SCH06,5,Science,2025-04-07,48.2,Fail
STU0284,SCH01,3,Science,2025-04-07,58.2,Pass
STU0482,SCH05,6,Science,2025-12-28,82.3,Pass
STU0193,SCH08,3,Math,2025-07-13,60.7,
STU0112,SCH03,5,Math,2025-07-13,,Pass
STU0509,SCH03,4,Math,2025-12-24,57.4,Pass
STU0486,SCH06,6,Writing,2025-10-12,,
STU0299,SCH04,3,Math,2025-06-17,75.6,Fail
STU0422,SCH06,8,Science,2025-11-27,60.1,Fail
STU0543,SCH08,6,Science,2025-10-15,38.8,Fail
STU0176,SCH05,4,Writing,2025-10-08,54.8,Fail
STU0296,SCH01,4,Science,2025-07-17,60.0,
STU0549,SCH05,4,Reading,2025-09-03,104.6,Pass
STU0166,SCH04,3,Math,2025-05-05,87.6,Fail
STU0267,SCH06,4,Reading,2025-07-10,67.2,Pass
STU0325,SCH06,4,Science,2026-04-01,29.3,
STU0125,SCH01,6,Writing,2025-05-20,81.0,Pass
STU0470,SCH06,4,Math,2025-05-19,86.5,Fail
STU0303,SCH08,5,Reading,2025-08-04,64.5,Fail
STU0347,SCH02,8,Writing,2025-11-14,74.7,
STU0316,SCH01,6,Reading,2026-02-16,63.2,
STU0366,SCH02,5,Math,2025-12-03,60.3,Pass
STU0285,SCH04,3,Math,2025-10-26,61.8,Fail
STU0090,SCH07,4,Writing,2025-05-31,59.6,Pass
STU0370,SCH07,4,Writing,2025-10-26,86.6,Fail
STU0396,SCH06,3,Science,2025-08-25,60.8,Fail
STU0575,SCH02,4,Writing,2026-01-01,78.7,Fail
STU0454,SCH05,4,Writing,2026-04-02,65.9,Pass
STU0148,SCH04,5,Writing,2025-08-03,52.6,Fail
STU0068,SCH07,3,Math,2025-07-23,,Fail
STU0180,SCH08,8,Reading,2025-06-09,,Pass
STU0191,SCH07,5,Writing,2026-03-20,95.1,Fail
STU0506,SCH08,4,Math,2026-03-17,75.4,Pass
STU0158,SCH05,5,Writing,2025-04-27,83.8,Fail
STU0428,SCH03,6,Reading,2025-05-07,83.6,Pass
STU0123,SCH05,6,Math,2026-03-11,56.4,Fail
STU0580,SCH07,5,Writing,2026-02-10,59.7,Pass
STU0383,SCH01,5,Reading,2025-08-10,60.7,Fail
STU0139,SCH06,4,Math,2025-06-21,63.9,Fail
STU0370,SCH07,8,Science,2025-04-19,79.9,Pass
STU0527,SCH04,8,Reading,2026-03-09,71.8,Pass
STU0172,SCH06,5,Science,2025-04-17,64.9,Fail
STU0099,SCH06,4,Math,2025-07-25,91.0,Pass
STU0531,SCH05,5,Writing,2025-06-15,39.2,
STU0105,SCH04,4,Reading,2025-06-18,85.7,Pass
STU0573,SCH02,6,Writing,2026-04-07,74.5,Pass
STU0018,SCH08,5,Science,2025-07-14,64.2,Fail
STU0143,SCH08,7,Science,2025-05-13,74.0,Pass
STU0228,SCH03,8,Reading,2025-10-07,79.3,Pass
STU0315,SCH03,4,Reading,2025-06-25,83.7,Pass
STU0080,SCH01,6,Writing,2025-10-13,66.1,Pass
STU0202,SCH02,3,Math,2026-03-25,35.8,Pass
STU0068,SCH05,8,Math,2026-03-05,74.3,Pass
STU0127,SCH04,7,Reading,2025-07-30,73.6,Pass
STU0150,SCH05,7,Science,2025-09-22,80.8,Fail
STU0165,SCH04,7,Math,2025-08-02,84.0,Pass
STU0542,SCH04,8,Reading,2026-03-27,79.5,Fail
STU0176,SCH01,8,Math,2025-04-25,,Fail
STU0376,SCH03,6,Math,2026-03-26,52.5,
STU0364,SCH07,6,Reading,2025-08-03,52.7,Fail
STU0127,SCH08,3,Reading,2026-03-03,66.6,Fail
STU0370,SCH05,7,Math,2026-03-12,83.2,
STU0291,SCH08,7,Science,2025-08-27,76.6,Fail
STU0232,SCH07,5,Writing,2026-03-06,70.1,
STU0377,SCH03,3,Writing,2025-11-21,73.3,Pass
STU0406,SCH08,7,Math,2026-02-03,79.0,Pass
STU0173,SCH02,5,Reading,2026-02-19,78.2,
STU0206,SCH07,3,Reading,2025-11-28,80.7,Fail
STU0596,SCH05,8,Writing,2025-07-21,47.5,
STU0488,SCH07,6,Science,2025-05-17,77.9,Pass
STU0257,SCH08,6,Reading,2025-04-17,81.2,Pass
STU0031,SCH02,8,Math,2025-11-29,76.5,Pass
STU0184,SCH07,7,Science,2026-03-03,52.6,Pass
STU0311,SCH02,3,Writing,2026-04-03,70.7,Fail
STU0503,SCH05,7,Science,2025-06-12,58.3,Pass
STU0033,SCH07,3,Writing,2025-11-17,40.1,Fail
STU0471,SCH01,3,Reading,2025-10-13,77.1,Fail
STU0169,SCH08,6,Reading,2025-09-30,62.3,Pass
STU0583,SCH08,8,Writing,2025-10-08,81.8,Fail
STU0576,SCH03,7,Math,2025-05-02,54.4,Fail
STU0362,SCH05,5,Math,2026-03-19,79.1,Pass
STU0047,SCH03,5,Science,2025-12-25,75.3,Fail
STU0390,SCH02,6,Science,2025-12-27,49.5,Fail
STU0422,SCH06,3,Reading,2025-05-31,68.3,Pass
STU0068,SCH05,3,Science,2026-03-06,89.7,Pass
STU0021,SCH06,3,Writing,2026-02-10,59.4,Fail
STU0274,SCH01,8,Writing,2025-12-26,54.8,Pass
STU0325,SCH07,7,Writing,2025-04-25,65.0,Fail
STU0103,SCH04,5,Writing,2025-09-25,74.1,Fail
STU0171,SCH05,5,Writing,2026-03-19,74.4,
STU0549,SCH04,5,Science,2025-04-25,88.3,Pass
STU0305,SCH07,4,Math,2025-05-11,64.0,Fail
STU0280,SCH02,7,Writing,2026-02-11,,Fail
STU0215,SCH06,3,Science,2025-05-11,55.3,Fail
STU0205,SCH07,6,Science,2025-10-04,67.6,Fail
STU0561,SCH03,3,Reading,2025-04-29,58.8,Fail
STU0275,SCH07,7,Math,2025-08-26,63.2,Pass
STU0374,SCH08,4,Reading,2026-02-06,81.4,Fail
STU0446,SCH07,5,Math,2026-01-24,86.5,Pass
STU0423,SCH05,5,Reading,2025-11-08,67.2,Fail
STU0245,SCH02,4,Reading,2025-10-06,88.3,Pass
STU0252,SCH05,6,Writing,2025-11-04,53.1,
STU0207,SCH03,5,Reading,2025-12-08,62.1,Pass
STU0265,SCH05,8,Reading,2026-03-11,65.3,Fail
STU0021,SCH01,3,Science,2026-01-13,64.5,Fail
STU0066,SCH07,5,Math,2025-04-19,45.1,Pass
STU0242,SCH02,7,Math,2026-03-22,85.3,Fail
STU0509,SCH02,4,Math,2025-05-20,69.9,Fail
STU0242,SCH07,4,Reading,2025-10-08,55.1,Pass
STU0180,SCH04,5,Writing,2025-06-12,42.9,Pass
STU0503,SCH06,8,Math,2025-09-12,84.3,
STU0559,SCH07,6,Reading,2025-07-29,98.0,Pass
STU0372,SCH08,8,Science,2025-06-20,61.0,Fail
STU0022,SCH01,8,Math,2025-07-25,58.4,Pass
STU0260,SCH07,5,Science,2025-05-19,43.4,Pass
STU0548,SCH04,6,Writing,2025-12-11,106.1,Fail
STU0309,SCH02,4,Science,2025-09-07,,Pass
STU0165,SCH08,8,Science,2025-11-08,86.6,Fail
STU0035,SCH05,3,Writing,2025-06-05,50.4,Fail
STU0423,SCH06,8,Writing,2026-02-02,87.9,Pass
STU0268,SCH02,5,Writing,2025-04-11,48.6,Fail
STU0465,SCH01,3,Reading,2026-01-03,49.8,Pass
STU0004,SCH07,4,Science,2025-11-16,48.6,Fail
STU0590,SCH02,3,Reading,2026-02-14,68.1,Pass
STU0421,SCH06,6,Writing,2025-11-12,91.7,Pass
STU0267,SCH03,8,Science,2025-05-04,,Fail
STU0377,SCH03,6,Writing,2025-07-10,58.5,Pass
STU0022,SCH01,7,Reading,2025-10-15,101.8,Pass
STU0269,SCH03,3,Writing,2025-05-06,45.6,Fail
STU0267,SCH03,3,Science,2026-01-01,77.3,Pass
STU0539,SCH07,6,Writing,2025-07-12,85.0,Pass
STU0230,SCH04,4,Science,2025-06-05,63.9,Pass
STU0442,SCH04,7,Reading,2025-11-24,85.0,Fail
STU0194,SCH07,4,Writing,2025-04-11,69.0,Fail
STU0242,SCH08,4,Science,2025-04-30,64.5,
STU0088,SCH01,6,Reading,2025-10-13,96.1,Fail
STU0218,SCH07,8,Writing,2025-05-15,38.6,Fail
STU0075,SCH02,7,Math,2025-12-02,100.8,Fail
STU0363,SCH01,3,Science,2025-08-09,79.2,Fail
STU0310,SCH07,8,Science,2025-04-27,89.3,
STU0595,SCH03,5,Reading,2025-06-05,91.4,Fail
STU0348,SCH08,4,Math,2025-10-14,60.4,Pass
STU0267,SCH02,5,Math,2026-04-06,84.8,
STU0512,SCH05,8,Science,2025-08-09,78.9,Fail
STU0271,SCH06,6,Reading,2025-08-06,,Fail
STU0504,SCH03,7,Writing,2026-04-04,76.0,Pass
STU0188,SCH01,6,Science,2026-02-17,70.8,Pass
STU0479,SCH07,3,Writing,2025-05-02,,Fail
STU0469,SCH08,3,Reading,2025-08-17,71.6,Pass
STU0358,SCH02,4,Science,2025-08-15,71.8,
STU0577,SCH04,7,Math,2026-01-02,76.3,Pass
STU0427,SCH02,4,Writing,2026-02-14,,Pass
STU0292,SCH02,6,Science,2026-03-28,39.9,Pass
STU0332,SCH03,3,Math,2025-11-03,45.2,Fail
STU0465,SCH05,7,Math,2025-10-17,73.8,Fail
STU0045,SCH08,5,Reading,2026-01-27,69.1,Fail
STU0331,SCH01,8,Math,2025-04-14,72.6,Fail
STU0095,SCH07,5,Reading,2025-09-14,69.6,Fail
STU0092,SCH01,4,Reading,2025-12-07,,Fail
STU0413,SCH05,8,Reading,2025-08-30,,Fail
STU0318,SCH03,5,Math,2025-05-24,80.0,
STU0525,SCH04,6,Writing,2026-03-30,80.8,Fail
STU0093,SCH07,5,Reading,2025-12-18,56.7,Fail
STU0437,SCH02,3,Science,2026-03-23,90.2,Pass
STU0508,SCH02,5,Writing,2025-06-15,64.2,Fail
STU0082,SCH08,5,Reading,2025-09-04,90.7,
STU0255,SCH07,5,Math,2025-11-08,65.7,Pass
STU0047,SCH02,7,Writing,2025-07-15,53.7,Fail
STU0364,SCH05,7,Math,2025-04-17,76.7,Pass
STU0117,SCH08,4,Reading,2025-08-13,70.5,Fail
STU0305,SCH06,7,Writing,2025-04-10,64.2,Fail
STU0272,SCH06,4,Reading,2025-11-30,77.9,
STU0109,SCH07,7,Math,2026-01-27,90.8,Pass
STU0405,SCH02,3,Reading,2025-08-02,58.7,Fail
STU0499,SCH05,7,Science,2025-12-10,54.2,Fail
STU0310,SCH02,4,Reading,2026-02-05,75.3,Pass
STU0193,SCH01,4,Writing,2025-06-15,68.6,
STU0248,SCH07,8,Reading,2025-09-19,90.0,Pass
STU0486,SCH07,3,Math,2025-05-06,81.2,Pass
STU0157,SCH08,6,Writing,2025-05-29,84.3,Pass
STU0207,SCH05,7,Writing,2026-02-23,70.0,Pass
STU0342,SCH01,3,Writing,2026-03-29,96.9,Fail
STU0038,SCH08,6,Writing,2025-04-07,64.3,Fail
STU0238,SCH01,7,Math,2025-07-01,56.5,
STU0275,SCH07,6,Math,2025-06-03,74.2,Fail
STU0356,SCH08,8,Writing,2025-09-10,80.3,Pass
STU0481,SCH06,6,Reading,2025-05-27,69.6,Pass
STU0348,SCH08,4,Science,2026-01-21,65.5,Fail
STU0369,SCH08,4,Reading,2026-01-28,53.3,Fail
STU0089,SCH08,4,Reading,2025-11-29,74.4,
STU0426,SCH08,5,Reading,2025-06-27,,Pass
STU0571,SCH01,3,Science,2026-02-17,78.3,Pass
STU0179,SCH01,3,Science,2026-03-08,58.4,Fail
STU0117,SCH04,3,Reading,2025-12-12,20.5,Fail
STU0048,SCH05,4,Math,2025-10-07,72.1,Pass
STU0449,SCH08,3,Math,2025-09-02,72.1,Pass
STU0576,SCH01,7,Math,2025-07-31,47.8,
STU0121,SCH04,5,Reading,2025-09-24,64.8,Fail
STU0102,SCH03,8,Science,2025-05-18,44.7,Fail
STU0142,SCH02,4,Writing,2025-10-13,93.2,Pass
STU0252,SCH08,5,Science,2025-04-14,63.1,Pass
STU0088,SCH05,5,Writing,2025-04-16,53.8,Pass
STU0543,SCH07,4,Reading,2025-10-18,85.0,Fail
STU0424,SCH07,6,Science,2025-09-23,83.2,Pass
STU0530,SCH02,3,Science,2025-07-30,,Fail
STU0412,SCH03,6,Math,2025-08-12,64.8,Pass
STU0589,SCH01,8,Science,2025-04-30,70.6,Fail
STU0412,SCH05,8,Science,2025-04-07,69.6,Fail
STU0541,SCH03,8,Writing,2025-12-30,67.0,Fail
STU0211,SCH08,8,Science,2025-06-27,87.9,Fail
STU0203,SCH05,3,Math,2025-12-30,51.0,Fail
STU0400,SCH03,7,Science,2026-02-17,72.1,Fail
STU0534,SCH06,8,Reading,2026-03-03,85.5,Pass
STU0029,SCH05,4,Science,2025-06-27,61.5,Pass
STU0062,SCH06,5,Science,2026-02-02,24.3,Pass
STU0049,SCH02,6,Science,2025-10-15,,Fail
STU0242,SCH04,5,Science,2025-12-01,67.3,
STU0587,SCH03,8,Writing,2026-03-24,56.8,Fail
STU0529,SCH04,5,Writing,2025-07-05,66.6,
STU0151,SCH07,6,Math,2026-01-21,81.2,Pass
STU0488,SCH04,6,Math,2025-04-07,76.6,Fail
STU0539,SCH07,7,Writing,2026-01-10,,Fail
STU0451,SCH08,8,Writing,2025-05-15,,Pass
STU0148,SCH03,6,Writing,2025-11-15,84.1,Pass
STU0218,SCH08,6,Math,2025-07-06,85.0,Pass
STU0573,SCH06,3,Writing,2025-04-16,79.1,Fail
STU0042,SCH03,3,Science,2025-09-26,77.2,Fail
STU0384,SCH05,5,Writing,2025-10-08,76.2,
STU0050,SCH05,5,Reading,2025-08-31,69.5,Pass
STU0501,SCH01,3,Science,2026-03-16,72.1,Fail
STU0587,SCH05,7,Writing,2025-06-07,,Fail
STU0387,SCH08,8,Reading,2025-12-09,69.3,Fail
STU0461,SCH08,4,Science,2025-05-29,50.3,Pass
STU0420,SCH07,4,Writing,2025-10-13,65.6,
STU0285,SCH02,4,Math,2025-10-03,71.9,Fail
STU0575,SCH02,8,Math,2025-07-12,75.4,Pass
STU0584,SCH04,6,Math,2025-12-01,87.5,Pass
STU0545,SCH03,3,Science,2025-05-23,70.6,
STU0087,SCH06,6,Math,2025-04-19,57.0,Fail
STU0024,SCH06,6,Reading,2026-01-26,42.4,Fail
STU0392,SCH05,3,Math,2025-06-13,,Pass
STU0555,SCH03,5,Reading,2025-05-16,78.5,Pass
STU0315,SCH07,8,Reading,2026-01-12,91.4,Pass
STU0334,SCH03,3,Math,2026-02-16,66.0,Pass
STU0423,SCH06,5,Writing,2025-09-10,74.5,Pass
STU0054,SCH04,4,Reading,2025-11-26,,Fail
STU0118,SCH05,3,Science,2025-09-14,,Fail
STU0567,SCH07,3,Writing,2026-03-03,88.9,Pass
STU0276,SCH02,4,Reading,2025-11-14,71.8,Fail
STU0582,SCH07,6,Math,2025-05-15,78.1,Pass
STU0383,SCH03,4,Writing,2025-08-17,53.5,Fail
STU0043,SCH01,6,Science,2025-04-08,62.8,Pass
STU0494,SCH05,7,Science,2025-10-29,60.6,Fail
STU0360,SCH04,7,Science,2026-01-17,91.6,
STU0308,SCH02,6,Math,2025-09-16,74.9,Pass
STU0570,SCH05,6,Reading,2025-09-28,39.0,Fail
STU0351,SCH05,8,Writing,2025-09-22,43.9,Fail
STU0252,SCH06,5,Reading,2026-02-16,,Pass
STU0137,SCH01,7,Writing,2025-05-04,73.1,Pass
STU0010,SCH03,6,Writing,2025-11-04,,Pass
STU0552,SCH01,8,Writing,2025-05-10,49.4,Pass
STU0362,SCH07,7,Science,2025-12-03,46.3,Pass
STU0128,SCH08,5,Reading,2025-05-10,86.7,Fail
STU0010,SCH04,8,Math,2025-07-03,69.2,Fail
STU0197,SCH02,7,Science,2025-12-02,45.4,Pass
STU0240,SCH08,5,Math,2025-06-07,61.8,Pass
STU0008,SCH04,8,Writing,2025-05-14,99.9,Pass
STU0285,SCH08,4,Reading,2025-11-30,57.6,Pass
STU0067,SCH03,8,Math,2025-11-20,51.7,Pass
STU0266,SCH04,7,Science,2025-07-17,76.1,Fail
STU0574,SCH08,3,Writing,2026-01-23,89.1,Pass
STU0331,SCH07,6,Science,2026-03-26,81.1,Fail
STU0371,SCH01,8,Reading,2026-02-17,80.6,Pass
STU0285,SCH07,7,Writing,2026-01-02,62.0,Fail
STU0084,SCH01,8,Reading,2025-05-14,81.7,
STU0077,SCH04,4,Reading,2025-05-30,65.4,
STU0029,SCH08,6,Math,2025-06-23,,Fail
STU0257,SCH04,3,Writing,2025-11-22,69.0,Pass
STU0342,SCH04,3,Writing,2025-06-29,81.7,Pass
STU0458,SCH02,3,Math,2025-07-11,80.6,Pass
STU0131,SCH01,6,Math,2025-05-06,60.7,Fail
STU0443,SCH02,3,Math,2025-05-20,56.3,Fail
STU0412,SCH02,7,Writing,2026-02-14,63.4,Pass
STU0011,SCH08,6,Writing,2025-05-10,76.6,Pass
STU0348,SCH01,6,Science,2025-05-19,38.4,Pass
STU0111,SCH02,3,Math,2025-07-04,44.0,Pass
STU0522,SCH05,5,Writing,2026-01-18,52.2,
STU0456,SCH03,4,Reading,2026-03-16,69.5,Fail
STU0599,SCH07,7,Science,2026-02-28,62.9,Fail
STU0598,SCH03,4,Writing,2026-03-30,63.0,Fail
STU0009,SCH03,3,Reading,2025-09-30,80.8,Pass
STU0433,SCH06,4,Reading,2026-03-01,61.6,Pass
STU0350,SCH04,8,Writing,2025-07-04,60.2,Fail
STU0340,SCH06,7,Science,2025-08-23,60.2,Fail
STU0044,SCH08,4,Math,2025-08-11,72.4,
STU0236,SCH08,7,Reading,2025-04-14,,Fail
STU0385,SCH04,6,Reading,2025-11-25,,Pass
STU0372,SCH01,3,Science,2025-11-04,75.3,Fail
STU0451,SCH04,8,Science,2025-06-01,69.4,Pass
STU0031,SCH04,4,Science,2026-01-04,82.3,Pass
STU0348,SCH04,4,Reading,2025-11-10,95.7,Pass
STU0181,SCH05,3,Math,2025-08-03,72.0,Pass
STU0347,SCH04,5,Writing,2025-12-20,60.9,Pass
STU0379,SCH06,8,Reading,2026-02-08,106.4,Fail
STU0067,SCH02,4,Reading,2025-06-06,53.1,Pass
STU0197,SCH07,8,Science,2026-03-28,61.4,Pass
STU0048,SCH04,7,Science,2026-02-09,,Pass
STU0336,SCH04,3,Science,2025-09-17,88.4,Fail
STU0215,SCH02,6,Math,2025-05-13,47.0,Pass
STU0521,SCH07,8,Science,2025-11-22,51.2,Fail
STU0383,SCH08,8,Writing,2025-09-22,68.1,Fail
STU0275,SCH07,8,Math,2025-07-17,76.5,Fail
STU0241,SCH07,4,Science,2025-09-29,98.7,Fail
STU0387,SCH03,5,Science,2025-05-23,60.3,Pass
STU0303,SCH08,7,Science,2025-11-17,65.5,
STU0598,SCH01,6,Science,2026-04-04,52.9,
STU0377,SCH08,5,Science,2026-02-03,75.5,Fail
STU0026,SCH03,6,Reading,2025-06-18,67.4,Pass
STU0302,SCH02,5,Reading,2025-06-03,73.9,Pass
STU0122,SCH02,5,Math,2026-03-30,55.0,Fail
STU0257,SCH05,8,Science,2026-04-02,64.1,Pass
STU0142,SCH05,3,Science,2026-03-21,65.2,Fail
STU0416,SCH01,6,Reading,2025-07-22,81.6,Fail
STU0234,SCH04,8,Reading,2026-03-02,50.2,Fail
STU0473,SCH06,3,Science,2026-02-14,70.9,Pass
STU0440,SCH07,4,Writing,2025-04-14,49.8,Fail
STU0143,SCH03,5,Math,2025-10-12,73.9,Fail
STU0364,SCH06,4,Writing,2025-06-17,45.6,Fail
STU0334,SCH01,7,Math,2026-03-16,79.3,Pass
STU0158,SCH06,7,Writing,2025-10-04,78.1,Fail
STU0066,SCH07,4,Writing,2025-06-01,66.7,Pass
STU0337,SCH08,8,Science,2026-01-13,73.9,Pass
STU0033,SCH08,3,Reading,2025-08-09,71.9,Pass
STU0072,SCH07,5,Reading,2025-04-08,70.3,Pass
STU0466,SCH01,5,Math,2025-05-12,89.9,Pass
STU0335,SCH07,6,Reading,2025-10-02,75.9,Fail
STU0490,SCH02,6,Reading,2026-03-21,67.5,Pass
STU0211,SCH05,6,Writing,2025-04-11,78.6,Fail
STU0208,SCH08,5,Reading,2025-10-16,84.5,Pass
STU0147,SCH08,3,Writing,2025-10-12,59.1,Fail
STU0583,SCH08,6,Writing,2025-04-25,61.1,
STU0094,SCH05,8,Writing,2025-09-19,51.5,
STU0401,SCH03,6,Reading,2025-08-17,91.7,Pass
STU0443,SCH08,6,Reading,2025-04-14,65.9,Pass
STU0246,SCH03,5,Science,2025-07-20,61.6,Pass
STU0223,SCH08,6,Math,2025-04-25,74.0,Pass
STU0517,SCH06,6,Writing,2025-05-14,67.8,Pass
STU0259,SCH04,7,Math,2026-01-06,62.3,Fail
STU0391,SCH06,8,Writing,2025-10-28,,Pass
STU0407,SCH01,3,Science,2025-06-09,93.2,Fail
STU0476,SCH08,6,Math,2025-07-06,90.1,Pass
STU0562,SCH04,8,Writing,2025-08-25,85.7,Pass
STU0175,SCH01,7,Math,2026-03-11,89.4,Pass
STU0302,SCH02,7,Writing,2025-08-05,79.0,Pass
STU0280,SCH03,6,Science,2026-03-06,87.5,Pass
STU0222,SCH01,8,Reading,2025-08-30,63.6,Pass
STU0400,SCH05,6,Math,2025-04-30,69.7,
STU0050,SCH07,4,Reading,2026-02-09,60.2,Pass
STU0017,SCH07,3,Math,2025-06-27,75.8,Fail
STU0197,SCH02,4,Math,2025-10-29,,
STU0172,SCH01,6,Math,2025-09-01,41.0,Fail
STU0331,SCH04,7,Reading,2025-09-12,81.8,Fail
STU0124,SCH04,4,Math,2025-05-18,62.0,
STU0332,SCH03,3,Writing,2025-12-30,66.7,Pass
STU0470,SCH04,3,Science,2025-06-28,66.1,Fail
STU0045,SCH02,4,Writing,2025-07-04,61.5,Pass
STU0550,SCH03,5,Math,2025-10-31,87.2,Fail
STU0398,SCH03,5,Reading,2025-08-30,47.5,Fail
STU0494,SCH02,5,Math,2025-08-01,44.6,
STU0392,SCH04,7,Math,2025-11-28,70.3,Pass
STU0317,SCH04,8,Writing,2025-05-26,,Pass
STU0082,SCH01,4,Science,2026-04-03,57.9,Fail
STU0210,SCH01,4,Writing,2025-08-03,68.1,Fail
STU0138,SCH05,5,Math,2026-01-04,,Fail
STU0025,SCH04,8,Science,2026-02-24,62.6,Fail
STU0249,SCH04,7,Math,2025-06-01,86.5,Pass
STU0228,SCH07,7,Science,2026-02-23,55.7,Pass
STU0453,SCH01,3,Writing,2025-10-17,76.9,Pass
STU0210,SCH03,3,Reading,2025-05-18,72.2,Pass
STU0242,SCH02,6,Writing,2025-04-15,,Pass
STU0435,SCH03,7,Reading,2025-05-10,90.2,Fail
STU0293,SCH08,8,Reading,2026-01-28,64.4,Pass
STU0369,SCH07,6,Reading,2025-08-12,93.9,Fail
STU0452,SCH07,7,Writing,2025-12-24,,Fail
STU0021,SCH07,6,Math,2025-11-05,40.3,Fail
STU0551,SCH03,7,Reading,2025-06-13,67.2,Fail
STU0291,SCH07,7,Writing,2026-03-12,84.7,Pass
STU0342,SCH03,8,Writing,2026-03-11,79.2,Pass
STU0014,SCH06,6,Writing,2025-08-30,99.5,Fail
STU0405,SCH06,6,Writing,2026-03-29,52.2,
STU0419,SCH01,3,Writing,2025-11-19,109.5,Pass
STU0199,SCH07,5,Science,2026-03-22,50.7,Fail
STU0060,SCH07,6,Reading,2025-07-31,,Pass
STU0490,SCH01,5,Math,2025-08-26,61.0,Fail
STU0467,SCH03,5,Reading,2025-06-26,47.6,Pass
STU0013,SCH02,3,Writing,2025-06-23,52.1,Pass
STU0531,SCH04,6,Reading,2025-06-25,79.9,
STU0259,SCH05,7,Writing,2026-03-04,47.1,Pass
STU0112,SCH06,4,Science,2025-06-20,55.4,Pass
STU0408,SCH05,3,Reading,2026-01-08,68.3,Pass
STU0428,SCH07,8,Science,2026-03-31,67.2,Fail
STU0175,SCH03,5,Reading,2025-07-05,65.2,Pass
STU0515,SCH02,6,Reading,2025-05-31,58.4,Pass
STU0206,SCH01,8,Reading,2025-04-25,71.6,Fail
STU0452,SCH02,8,Reading,2025-07-20,58.9,Pass
STU0301,SCH02,6,Math,2026-02-10,65.7,Pass
STU0490,SCH08,8,Math,2025-12-22,81.5,Pass
STU0063,SCH05,3,Math,2026-03-19,83.0,Pass
STU0385,SCH05,6,Writing,2026-03-03,78.4,Fail
STU0440,SCH06,5,Science,2025-07-18,95.6,Fail
STU0409,SCH07,7,Math,2025-07-09,67.9,Fail
STU0339,SCH02,3,Writing,2025-06-02,,Pass
STU0027,SCH02,7,Science,2025-10-19,57.0,Pass
STU0378,SCH08,7,Writing,2025-12-14,46.1,Pass
STU0330,SCH01,8,Science,2025-05-01,65.9,Pass
STU0334,SCH08,4,Writing,2026-01-29,51.3,Pass
STU0357,SCH07,6,Math,2025-10-23,80.1,Fail
STU0301,SCH04,8,Reading,2025-05-08,89.0,Pass
STU0131,SCH08,3,Science,2025-09-08,45.6,Fail
STU0173,SCH08,3,Writing,2026-01-15,62.2,Pass
STU0175,SCH02,3,Writing,2025-10-11,58.5,Pass
STU0165,SCH06,6,Science,2025-12-22,70.1,Fail
STU0127,SCH03,7,Writing,2026-03-28,,Pass
STU0341,SCH04,7,Math,2025-06-11,59.0,Fail
STU0576,SCH07,4,Reading,2026-02-02,56.5,Fail
STU0119,SCH05,3,Math,2025-06-05,88.9,Pass
STU0119,SCH06,4,Science,2025-08-06,81.1,Fail
STU0591,SCH01,5,Math,2025-11-20,59.8,Fail
STU0434,SCH06,5,Reading,2025-08-18,62.8,Pass
STU0110,SCH07,3,Writing,2025-04-16,56.9,Fail
STU0225,SCH08,8,Writing,2025-09-18,93.3,Pass
STU0291,SCH03,8,Math,2026-02-23,57.5,Pass
STU0281,SCH08,8,Reading,2026-03-05,60.5,
STU0299,SCH07,3,Science,2025-10-13,81.7,Pass
STU0054,SCH03,6,Writing,2025-09-24,87.5,
STU0164,SCH01,7,Writing,2025-05-06,56.2,Fail
STU0401,SCH07,3,Science,2025-11-05,87.3,Fail
STU0200,SCH07,3,Reading,2025-08-09,56.2,Pass
STU0312,SCH08,8,Reading,2025-09-21,91.8,Pass
STU0453,SCH08,5,Reading,2025-08-30,74.8,Pass
STU0010,SCH06,8,Math,2025-10-27,,Pass
STU0386,SCH07,8,Reading,2025-10-13,74.0,Fail
STU0184,SCH01,3,Science,2025-07-21,65.0,Fail
STU0153,SCH07,4,Math,2026-03-19,79.1,
STU0177,SCH07,8,Math,2025-09-12,78.2,Fail
STU0392,SCH05,8,Writing,2025-07-16,62.9,Pass
STU0125,SCH08,8,Reading,2025-10-31,73.6,Pass
STU0587,SCH08,5,Math,2025-04-14,70.6,Fail
STU0445,SCH05,7,Reading,2025-05-28,58.9,Pass
STU0334,SCH02,8,Reading,2026-03-26,48.7,Fail
STU0570,SCH08,3,Math,2025-04-29,,Pass
STU0121,SCH03,7,Reading,2025-07-31,84.3,Fail
STU0126,SCH01,4,Reading,2026-02-14,68.5,Pass
STU0090,SCH05,3,Math,2025-07-25,85.7,Fail
STU0558,SCH03,6,Math,2025-12-24,65.8,Pass
STU0308,SCH01,7,Science,2025-07-16,59.2,Fail
STU0321,SCH06,7,Reading,2025-09-17,54.3,Pass
STU0267,SCH07,5,Reading,2025-11-12,80.6,Fail
STU0151,SCH01,3,Reading,2025-06-26,58.5,Fail
STU0539,SCH07,7,Writing,2026-01-10,,Fail
STU0588,SCH04,7,Math,2026-02-07,76.0,Pass
STU0048,SCH04,7,Science,2026-02-09,,Pass
STU0066,SCH08,7,Math,2025-05-06,82.9,Pass
STU0073,SCH07,8,Science,2025-10-02,,Fail
STU0315,SCH07,8,Reading,2026-01-12,91.4,Pass
STU0004,SCH07,4,Science,2025-11-16,48.6,Fail
STU0015,SCH06,5,Reading,2025-09-28,,Pass
STU0118,SCH03,8,Math,2025-05-18,96.0,Fail
STU0223,SCH08,6,Reading,2026-02-25,63.5,Fail
STU0248,SCH07,8,Reading,2025-09-19,90.0,Pass
STU0431,SCH08,3,Writing,2026-02-12,77.1,Fail
STU0474,SCH08,5,Science,2025-07-04,60.8,Pass
STU0422,SCH06,3,Reading,2025-05-31,68.3,Pass
STU0317,SCH08,3,Science,2026-02-13,44.6,Pass
STU0402,SCH03,8,Writing,2025-06-22,58.3,Pass
STU0494,SCH05,7,Science,2025-10-29,60.6,Fail
STU0403,SCH06,3,Reading,2026-04-06,52.2,Pass
STU0398,SCH03,5,Reading,2025-08-30,47.5,Fail
STU0584,SCH04,6,Math,2025-12-01,87.5,Pass
STU0165,SCH06,6,Science,2025-12-22,70.1,Fail
STU0195,SCH03,7,Science,2025-07-29,60.5,Pass
STU0471,SCH03,6,Reading,2026-03-02,64.0,Fail
STU0400,SCH05,6,Math,2025-04-30,69.7,
STU0252,SCH08,5,Science,2025-04-14,63.1,Pass
STU0016,SCH02,4,Science,2025-09-21,56.6,Fail
STU0308,SCH02,6,Math,2025-09-16,74.9,Pass
STU0512,SCH03,8,Science,2025-12-14,68.4,Fail
STU0548,SCH04,6,Writing,2025-12-11,106.1,Fail
STU0586,SCH07,7,Math,2025-11-28,46.9,Fail
STU0340,SCH06,7,Science,2025-08-23,60.2,Fail
STU0331,SCH01,8,Math,2025-04-14,72.6,Fail
STU0373,SCH06,5,Writing,2025-11-14,67.0,Fail
STU0190,SCH06,8,Writing,2025-05-26,37.7,Pass
STU0446,SCH07,5,Math,2026-01-24,86.5,Pass
STU0052,SCH01,3,Reading,2026-03-18,78.4,Pass
STU0518,SCH08,5,Math,2025-08-24,58.1,Pass
STU0083,SCH01,3,Reading,2026-02-16,65.4,Pass
STU0109,SCH07,3,Math,2025-08-10,,Fail
STU0207,SCH03,7,Science,2025-07-25,69.6,Fail
STU0391,SCH07,8,Math,2026-02-15,60.4,Fail
STU0368,SCH05,4,Reading,2025-06-16,87.8,Fail
STU0331,SCH06,6,Math,2025-06-13,69.5,Pass
